# CK2TITLE;EU4ID;Filename;Comment

# India
## Bengal (off-map)
## Hindustan
### Bihar (off-map)
### Oudh

c_lakhnau;523;523 - Oudh;Lakhnau - Lucknow
c_bharauli;523;523 - Oudh;Bharauli - Lucknow
c_ayodhya;523;523 - Oudh;Ayodhya - Lucknow

d_vodamayutja;2061;2061 - Katehar;Duchy Vodamayutja - Katehar
c_katehar;2061;2061 - Katehar;Katehar - Katehar
c_katehar;2061;2061 - Katehar;Duplicate to increase weight
c_vodamayutja;2061;2061 - Katehar;Vodamayutja - Katehar
c_sambhal;2061;2061 - Katehar;Sambhal - Katehar
c_naimisa;2061;2061 - Katehar;Namisa - Katehar

d_saryupara;2094;2094 - Bahreich;Duchy Saryupara - Bahreich
c_ayodhya;2094;2094 - Bahreich;Ayodhya - Bahreich
c_naimisa;2094;2094 - Bahreich;Namisa - Bahreich
c_sravasti;2094;2094 - Bahreich;Sravasti - Bahreich

### Purvanchal (off-map)
### Nepal (off-map)
### Himalayan Hills (off-map)
### Lower Doab

c_prayaga;556;556 - Lower Doab;Prayaga - Lower Doab
c_prayaga;556;556 - Lower Doab;Duplicate to increase weight
c_asni;556;556 - Lower Doab;Asni - Lower Doab
c_asni;556;556 - Lower Doab;Duplicate to increase weight
c_gurgi;556;556 - Lower Doab;Gurgi - Lower Doab
c_mahoba;556;556 - Lower Doab;Mahoba - Lower Doab
c_bharauli;556;556 - Lower Doab;Bharauli - Lower Doab

c_kalanjara;559;559 - Bundelkhand;Kalanjara - Bundelkhand
c_kalanjara;559;559 - Bundelkhand;Duplicate to increase weight
c_mahoba;559;559 - Bundelkhand;Mahoba - Bundelkhand

c_kalpi;2059;2059 - Kalpi;Kalpi - Kalpi
c_kalpi;2059;2059 - Kalpi;Duplicate to increase weight
c_mahoba;2059;2059 - Kalpi;Mahoba - Kalpi
c_gwalior;2059;2059 - Kalpi;Gwalior - Kalpi
c_kanyakubja;2059;2059 - Kalpi;Kanyakubja - Kalpi

c_gurgi;2097;2097 - Bagelkhand;Gurgi - Baghelkhand

### Central Doab

c_kol;524;524 - Central Doab;Kol - Central Doab
c_kol;524;524 - Central Doab;Duplicate to increase weight
c_kol;524;524 - Central Doab;Duplicate to increase weight
c_mathura;524;524 - Central Doab;Mathura - Central Doab
c_delhi;522;522 - Delhi;Delhi - Central Doab

c_gwalior;525;525 - Gird;Gwalior - Gird
c_gwalior;525;525 - Gird;Duplicate to increase weight
c_gwalior;525;525 - Gird;Duplicate to increase weight
c_mathura;525;525 - Gird;Mathura - Gird
c_sripatha;525;525 - Gird;Sripatha - Gird
c_candhoba;525;525 - Gird;Candhoba - Gird

c_kanyakubja;2063;2063 - Etawah;Kanyakubja - Etawah

### Upper Doab

c_delhi;522;522 - Delhi;Delhi - Delhi
c_delhi;522;522 - Delhi;Duplicate to increase weight
c_sambhal;522;522 - Delhi;Sambhal - Delhi

c_hastinapura;2060;2060 - Upper Doab;Hastinapura - Upper Doab
c_sthanisvara;2060;2060 - Upper Doab;Sthanisvara - Upper Doab
c_katehar;2060;2060 - Upper Doab;Katehar - Upper Doab

c_sthanisvara;2062;2062 - Panipat;Sthanisvara - Panipat
c_delhi;2062;2062 - Panipat;Delhi - Panipat
c_tribandapura;2062;2062 - Panipat;Tribandapura - Panipat

### Sirhind

c_hisar;510;510 - Sirhind;Hisar - Sirhind
c_hisar;510;510 - Sirhind;Duplicate to increase weight
c_sthanisvara;510;510 - Sirhind;Sthanisvara - Sirhind

c_sarasvati;2065;2065 - Bhattiana;Sarasvati - Bhattiana
c_sarasvati;2065;2065 - Bhattiana;Duplicate to increase weight
c_tribandapura;2065;2065 - Bhattiana;Tribandapura - Bhattiana

c_trigarta;2075;2075 - Doaba;Trigarta - Doaba
c_trigarta;2075;2075 - Doaba;Duplicate to increase weight
c_lahur;2075;2075 - Doaba;Lahur - Doaba
c_sthanisvara;2075;2075 - Doaba;Sthanisvara - Doaba

### Lahore

c_lahur;507;507 - Lahore;Lahur - Lahore
c_lahur;507;507 - Lahore;Duplicate to increase weight
c_shorkot;507;507 - Lahore;Shorkot - Lahore
c_bhera;507;507 - Lahore;Bhera - Lahore
c_dipalpur;507;507 - Lahore;Dialpur - Lahore

c_lahur;2076;2076 - Sialkot;Lahur - Sialkot
c_bhera;2076;2076 - Sialkot;Bhera - Sialkot
c_gurjaratra;2076;2076 - Sialkot;Gurjarata - Sialkot

c_nandana;2077;2077 - Margalla;Nandana - Margalla
c_nandana;2077;2077 - Margalla;Duplicate to increase weight
c_udabhanda;2077;2077 - Margalla;Udabhanda - Margalla
c_purushapura;2077;2077 - Margalla;Purushapura - Margalla

### Multan

c_multan;506;506 - Multan;Multan - Multan
c_multan;506;506 - Multan;Duplicate to increase weight
c_dipalpur;506;506 - Multan;Dialpur - Multan
c_shorkot;506;506 - Multan;Shorkot - Multan

c_karor;2078;2078 - Sind Sagar;Karor - Sind Sagar
c_nandana;2078;2078 - Sind Sagar;Nandana - Sind Sagar

c_rajanpur;2079;2079 - Derajat;Rajanpur - Derajat
c_kafirkot;2079;2079 - Derajat;Kafirkot - Derajat
c_multan;2079;2079 - Derajat;Multan - Derajat
c_wana;2079;2079 - Derajat;Bori - Derajat

c_uch;2086;2086 - Cholistan;Uch - Cholistan
c_karur;2086;2086 - Cholistan;Karur - Cholistan

### Kashmir

c_kasmira;508;508 - Kashmir;Kasmira - Kashmir
c_kasmira;508;508 - Kashmir;Duplicate to increase weight
c_sakala;508;508 - Kashmir;Sakala - Kashmir
c_gurjaratra;508;508 - Kashmir;Gurjarata - Kashmir
c_nandana;508;508 - Kashmir;Nandana - Kashmir

c_vakhan;2073;2073 - Baltistan;Vakhân - Baltistan

#### Ladakh (off-map)
## Western India
### Marwar

d_jangladesh;512;512 - Jangladesh;Duchy Jangladesh - Jangladesh
c_reni;512;512 - Jangladesh;Reni - Jangladesh
c_reni;512;512 - Jangladesh;Duplicate to increase weight
c_vikramapura;512;512 - Jangladesh;Vikramapura - Jangladesh
c_vikramapura;512;512 - Jangladesh;Duplicate to increase weight
c_nagauda;512;512 - Jangladesh;Nagauda - Jangladesh
c_karur;512;512 - Jangladesh;Karur - Jangladesh

c_ludrava;513;513 - Jaisalmer;Ludrava - Jaisalmer
c_ludrava;513;513 - Jaisalmer;Duplicate to increase weight
c_vikramapura;513;513 - Jaisalmer;Vikramapura - Jaisalmer

d_maru;514;514 - Marwar;Duchy Maru - Marwar
c_mandavyapura;514;514 - Marwar;Mandavyapura - Marwar
c_ludrava;514;514 - Marwar;Ludrava - Marwar
c_satyapura;514;514 - Marwar;Satyapura - Marwar
c_medantaka;514;514 - Marwar;Medantaka - Marwar
c_vikramapura;514;514 - Marwar;Vikramapura - Marwar

c_nagauda;2066;2066 - Nagaur;Nagauda - Nagaur
c_nagauda;2066;2066 - Nagaur;Duplicate to increase weight
c_ajayameru;2066;2066 - Nagaur;Ajayameru - Nagaur
c_vikramapura;2066;2066 - Nagaur;Vikramapura - Nagaur
c_medantaka;2066;2066 - Nagaur;Medantaka - Nagaur

c_godwad;2067;2067 - Gorwar;Godwad - Gorwar
c_mandavyapura;2067;2067 - Gorwar;Mandavyapura - Gorwar
c_satyapura;2067;2067 - Gorwar;Satyapura - Gorwar

### Mewar

c_chitrakut;518;518 - Chittor;Chitrakut - Chittor
c_chitrakut;518;518 - Chittor;Duplicate to increase weight
c_chitrakut;518;518 - Chittor;Duplicate to increase weight
c_godwad;518;518 - Chittor;Godwad - Chittor
c_ajayameru;518;518 - Chittor;Ajayameru  - Chittor
c_mandavyapura;518;518 - Chittor;Mandavyapura  - Chittor
c_ranthambore;518;518 - Chittor;Ranthambore  - Chittor

c_kota;528;528 - Hadoti;Kota - Hadoti
c_candhoba;528;528 - Hadoti;Candhoba - Hadoti
c_ranthambore;528;528 - Hadoti;Ranthambore - Hadoti
c_sarangpur;528;528 - Hadoti;Sarangpur - Hadoti
c_ujjayini;528;528 - Hadoti;Ujjayini - Hadoti

d_medapata;2058;2058 - Mewar;Duchy Medapata - Mewar
c_medapata;2058;2058 - Mewar;Medapata - Mewar
c_medapata;2058;2058 - Mewar;Duplicate to increase weight
c_godwad;2058;2058 - Mewar;Godwad - Mewar

d_ajmer;2087;2087 - Ajmer;Duchy Ajmer - Ajmer
c_ajayameru;2087;2087 - Ajmer;Ajayameru - Ajmer
c_ajayameru;2087;2087 - Ajmer;Duplicate to increase weight
c_ranthambore;2087;2087 - Ajmer;Ranthambore - Ajmer

### Jaipur

c_sripatha;519;519 - Dhundar;Sripatha - Dhundar
c_sripatha;519;519 - Dhundar;Duplicate to increase weight
c_vairata;519;519 - Dhundar;Vairata - Dhundar
c_mathura;519;519 - Dhundar;Mathura - Dhundar

c_mathura;520;520 - Mewat;Mathura - Mewat
c_tribandapura;520;520 - Mewat;Tribandapura - Mewat
c_vairata;520;520 - Mewat;Vairata - Mewat

c_vairata;2064;2064 - Shekhawati;Vairata - Shekhawati

### Malwa

c_mandapika;526;526 - Mandu;Mandapika - Mandu
c_asirgarh;526;526 - Mandu;Asirgarh - Mandu
c_dhara;526;526 - Mandu;Dhara - Mandu
c_ujjayini;526;526 - Mandu;Ujjayini - Mandu

c_chanderi;740;740 - Chanderi;Chanderi - Chanderi
c_vidisa;740;740 - Chanderi;Vidisa - Chanderi
c_damoh;740;740 - Chanderi;Damoh - Chanderi
c_candhoba;740;740 - Chanderi;Candhoba - Chanderi

#### Bhilsa (off-map)

c_dasapura;2093;2093 - Mandsaur;Dasapura - Mandsaur
c_sarangpur;2093;2093 - Mandsaur;Sarangpur - Mandsaur
c_ujjayini;2093;2093 - Mandsaur;Ujjayini - Mandsaur
c_dhara;2093;2093 - Mandsaur;Dhara - Mandsaur

### Gujarat

c_sarasvata_mandala;2053;2053 - Patan;Sarasvata Mandala - Patan
c_sarasvata_mandala;2053;2053 - Patan;Duplicate to increase weight
c_satyapura;2053;2053 - Patan;Satyapura - Patan

c_khetaka;2054;2054 - Ahmadabad;Khetaka - Ahmadabad
c_khetaka;2054;2054 - Ahmadabad;Duplicate to increase weight
c_sarasvata_mandala;2054;2054 - Ahmadabad;Sarasvata Mandala - Ahmadabad

c_mohadavas;2056;2056 - Rewa Kantha;Mohadavasaka - Rewakantha
c_dadhipadra;2056;2056 - Rewa Kantha;Dadhipadra - Rewakantha

### Saurashtra

c_kutch;503;503 - Kutch;Kutch - Kutch

c_bhumilka;515;515 - Girnar;Bhumilka - Girnar
c_somnath;515;515 - Girnar;Somnath - Girnar

c_vardhamana;521;521 - Kathiawar;Vardhamana - Kathiawar
c_vardhamana;521;521 - Kathiawar;Duplicate to increase weight
c_sarasvata_mandala;521;521 - Kathiawar;Sarasvata Mandala - Kathiawar

c_valabhi;2051;2051 - Bhavnagar;Valabhi - Bhavnagar
c_somnath;2051;2051 - Bhavnagar;Somnath - Bhavnagar

c_dvaraka;2052;2052 - Navanagar;Dvaraka - Navanagar
c_dhamalpur;2052;2052 - Navanagar;Dhamalpur - Navanagar

### Tapti

c_navasarika;516;516 - Baroda;Navasarika - Baroda
c_vadodara;516;516 - Baroda;Vadodara - Baroda

c_navasarika;517;517 - Surat;Navasarika - Surat

#### Baglana (off-map)
### Sindh

c_debul;504;504 - Thatta;Debul - Thatta

c_siwistan;505;505 - Sehwan;Siwistan - Sehwan
c_ranikot;505;505 - Sehwan;Siwistan - Sehwan
c_aror;505;505 - Sehwan;Aror - Sehwan
c_kandail;505;505 - Sehwan;Kandail - Sehwan

d_bhakkar;2072;2072 - Bhakkar;Duchy Bhakkar - Bhakkar
c_bhakkar;2072;2072 - Bhakkar;Bhakkar - Bhakkar
c_vijnot;2072;2072 - Bhakkar;Vijnot - Bhakkar
c_kandail;2072;2072 - Bhakkar;Kandail - Bhakkar
c_aror;2072;2072 - Bhakkar;Aror - Bhakkar

c_mansura;2088;2088 - Umarkot;Mansura - Umarkot
c_mansura;2088;2088 - Umarkot;Duplicate to increase weight
c_sonda;2088;2088 - Umarkot;Sonda - Umarkot
c_sonda;2088;2088 - Umarkot;Duplicate to increase weight
c_ludrava;2088;2088 - Umarkot;Ludrava - Umarkot

### Konkan

c_daman;529;529 - North Konkan;Daman - North Konkan

#### South Konkan (off-map)
#### Chaul (off-map)
## Deccan
### Maharashtra

c_burhanpur;527;527 - Khandesh;Burhanpur - Khandesh
c_thalner;527;527 - Khandesh;Thalner - Khandesh
c_asirgarh;527;527 - Khandesh;Asirgarh - Khandesh

#### Marathwada (off-map)
#### West Berar (off-map)
### Gondwana (off-map)
### Telingana (off-map)
### Maidan (off-map)
### Desh (off-map)
### Rayalaseema (off-map)
### Mysore (off-map)
### Kanara (off-map)
### Kerala (off-map)
## Coromandel (off-map)
# East Indies (off-map)
# China (off-map)
# Europe
## France
### Brittany

c_rennes;169;169 - Armor;Roazhon - Armor
c_porhoet;169;169 - Armor;Porhoët - Armor
c_penthievre;169;169 - Armor;Turnagoued - Armor
c_tregor;169;169 - Armor;Trégor - Armor

c_french_leon;170;170 - Finistere;Leon - Finistère
c_cornouaille;170;170 - Finistere;Gernev - Finistère

c_vannes;171;171 - Morbihan;Gwened - Morbihan
c_vannes;171;171 - Morbihan;Duplicate to increase weight
c_porhoet;171;171 - Morbihan;Porhoët - Morbihan

c_nantes;172;172 - Vendee;Naoned - Nantes

### Normandy

c_arques;167;167 - Caux;Rouen - Caux
c_evreux;167;167 - Caux;Évreux - Caux
c_vexin;167;167 - Caux;Vexin - Caux

d_normandy;168;168 - Normandie;Duchy Normandy - Normandie
c_evreux;168;168 - Normandie;Évreux - Normandie
c_bayeux;168;168 - Normandie;Bayeux - Normandie
c_coustance;168;168 - Normandie;Cherbourg - Normandie
c_avranches;168;168 - Normandie;Avranches - Normandie
c_mortain;168;168 - Normandie;Mortain - Normandie

d_alencon;1879;1879 - Alencon;Duchy Alençon - Alencon
c_alencon;1879;1879 - Alencon;Alençon - Alencon
c_perche;1879;1879 - Alencon;Perche - Alencon
c_maine;1879;1879 - Alencon;Maine - Alencon

### Provence

c_provence;201;201 - Provence;Provence - Provence
c_provence;201;201 - Provence;Duplicate to increase weight
c_arles;201;201 - Provence;Arle - Provence

c_venaissin;202;202 - Avignon;Venaissin - Avignon

c_forcalquier;2991;2991 - Draguignan;Auta Provença - Draguignan
c_gapencais;2991;2991 - Draguignan;Gapençais - Draguignan
c_provence;2991;2991 - Draguignan;Provence - Draguignan

### Guyenne

c_bordeaux;174;174 - Gascogne;Bordeaux - Gascogne
c_bordeaux;174;174 - Gascogne;Duplicate to increase weight
c_albret;174;174 - Gascogne;Labrit - Gascogne
c_agen;174;174 - Gascogne;Agen - Gascogne

d_poitou;180;180 - Poitou;Duchy Poitou - Poitou
c_poitiers;180;180 - Poitou;Poitiers - Poitou
c_lusignan;180;180 - Poitou;Lusignan - Poitou
c_lusignan;180;180 - Poitou;Duplicate to increase weight
c_angouleme;180;180 - Poitou;Angoulême - Poitou
c_la_marche;180;180 - Poitou;La Marche - Poitou

c_perigord;194;194 - Bergerac;Périgord - Bergerac
c_perigord;194;194 - Bergerac;Duplicate to increase weight
c_angouleme;194;194 - Bergerac;Angoulême - Bergerac

c_saintonge;4111;4111 - Saintonge;Saintonge - Saintonge
c_aunis;4111;4111 - Saintonge;Aunis - Saintonge
c_thouars;4111;4111 - Saintonge;Thouars - Saintonge
c_angouleme;4111;4111 - Saintonge;Angoulême - Saintonge

c_quercy;4112;4112 - Cahors;Quercy - Cahors
c_quercy;4112;4112 - Cahors;Duplicate to increase weight
c_agen;4112;4112 - Cahors;Agen - Cahors

### Languedoc

d_toulouse;196;196 - Toulouse;Duchy Tolosa - Toulouse
c_toulouse;196;196 - Toulouse;Tolosa - Toulouse
c_toulouse;196;196 - Toulouse;Duplicate to increase weight
c_albi;196;196 - Toulouse;Albi - Toulouse
c_comminges;196;196 - Toulouse;Comminges - Toulouse
c_foix;196;196 - Toulouse;Fois - Toulouse
c_carcassonne;196;196 - Toulouse;Carcassona - Toulouse

c_montpellier;200;200 - Languedoc;Melguèlh - Languedoc
c_nimes;200;200 - Languedoc;Nimes - Languedoc
c_viviers;200;200 - Languedoc;Vivarés - Languedoc
c_gevaudan;200;200 - Languedoc;Gavaudan - Languedoc
c_velay;200;200 - Languedoc;Velay - Languedoc

c_narbonne;2753;2753 - Narbonne;Narbona - Narbonne
c_beziers;2753;2753 - Narbonne;Béziers - Narbonne

### Massif Central

c_bourbon;190;190 - Bourbon;Bourbon - Bourbon

d_limousin;195;195 - Limousin;Duchy Lemosin - Limousin
c_limousin;195;195 - Limousin;Limousin - Limousin
c_la_marche;195;195 - Limousin;La Marche - Limousin
c_ventadour;195;195 - Limousin;Ventadour - Limousin

c_rouergue;198;198 - Rouergue;Roergue - Rouergue
c_rouergue;198;198 - Rouergue;Duplicate to increase weight
c_milau;198;198 - Rouergue;Milau - Rouergue

d_auvergne;199;199 - Auvergne;Duchy Auvèrnhe - Auvergne
c_auvergne;199;199 - Auvergne;Auvèrnhe - Auvergne
c_carlades;199;199 - Auvergne;Carlat - Auvergne
c_dauphinedeauvergne;199;199 - Auvergne;Dauphin d'auvergne - Auvergne

### Savoy

c_lyon;203;203 - Lyonnais;Lyon - Lyonnais
c_forez;203;203 - Lyonnais;Forez - Lyonnais
c_forez;203;203 - Lyonnais;Duplicate to increase weight
c_velay;203;203 - Lyonnais;Velay - Lyonnais
c_dauphine_viennois;203;203 - Lyonnais;Viennois - Lyonnais

d_dauphine;204;204 - Dauphine;Duchy Dauphiné - Dauphiné
c_dauphine_viennois;204;204 - Dauphine;Viennois - Dauphiné
c_valentinois;204;204 - Dauphine;Valentinois - Dauphiné
c_graisivaudan;204;204 - Dauphine;Graisivaudan - Dauphiné
c_gapencais;204;204 - Dauphine;Gapençais - Dauphiné

d_savoie;205;205 - Savoie;Duchy Savoy - Savoie
c_savoie;205;205 - Savoie;Savoia - Savoie
c_bugey;205;205 - Savoie;Bresse - Savoie
c_geneve;205;205 - Savoie;Genève - Savoie

### Lorraine

d_barleduc;187;187 - Barrois;Duchy Bar - Barrois
c_bar;187;187 - Barrois;Bar - Barrois
c_verdun;187;187 - Barrois;Verdun - Barrois
c_pontamousson;187;187 - Barrois;Pont-á-Mousson - Barrois
c_saintois;187;187 - Barrois;Vaudémont - Barrois

c_metz;188;188 - Metz;Metz - Metz
c_metz;188;188 - Metz;Duplicate to increase weight
c_saarbrucken;188;188 - Metz;Saarbrücken - Metz
c_lorraine;188;188 - Metz;Blâmont - Metz

d_upper_lorraine;189;189 - Lothringen;Duchy Lothringen - Lothringen
c_lorraine;189;189 - Lothringen;Blâmont - Lothringen
c_saintois;189;189 - Lothringen;Vaudémont - Lothringen

### Picardy

d_artois;88;88 - Artois;Duchy Artois - Artois
c_artois;88;88 - Artois;Artois - Artois
c_artois;88;88 - Artois;Duplicate to increase weight
c_saintpol;88;88 - Artois;Saint- Pol - Artois

c_ponthieu;89;89 - Picardie;Ponthieu - Picardie
c_eu;89;89 - Picardie;Eu - Picardie
c_amiens;89;89 - Picardie;Amiens - Picardie
c_boulogne;89;89 - Picardie;Boulogne - Picardie

c_vermandois;182;182 - Vermandois;Vermandois - Vermandois
c_valois;182;182 - Vermandois;Valois - Vermandois
c_beauvais;182;182 - Vermandois;Beauvais - Vermandois
c_amiens;182;182 - Vermandois;Amiens - Vermandois

c_cambrai;1743;1743 - Cambray;Cambrai - Cambray

### Seine

c_ile_de_france;183;183 - Ile-de-France;Paris - Paris
c_ile_de_france;183;183 - Ile-de-France;Duplicate to increase weight
c_ile_de_france;183;183 - Ile-de-France;Duplicate to increase weight
c_ile_de_france;183;183 - Ile-de-France;Duplicate to increase weight
c_dreux;183;183 - Ile-de-France;Dreux - Paris
c_chartres;183;183 - Ile-de-France;Chartres - Paris
c_southvexin;183;183 - Ile-de-France;Vexin Français - Paris

c_sens;185;185 - Othe;Sens - Nemours
c_tonnerre;185;185 - Othe;Tonnerre - Nemours
c_champagne;185;185 - Othe;Troyes - Nemours
c_langres;185;185 - Othe;Langres - Nemours
c_gatinas;185;185 - Othe;Gâtinais - Nemours
c_auxerre;185;185 - Othe;Auxerre - Nemours

d_champagne;186;186 - Champagne;Duchy Champagne - Champagne
c_champagne;186;186 - Champagne;Troyes - Champagne
c_brie;186;186 - Champagne;Meaux - Champagne
c_reims;186;186 - Champagne;Reims - Champagne
c_vertus;186;186 - Champagne;Vertus - Champagne

### Loire

c_maine;177;177 - Maine;Maine - Maine
c_maine;177;177 - Maine;Duplicate to increase weight
c_anjou;177;177 - Maine;Anjou - Maine

d_anjou;178;178 - Anjou;Duchy Anjou - Anjou
c_anjou;178;178 - Anjou;Anjou - Anjou
c_anjou;178;178 - Anjou;Duplicate to increase weight
c_thouars;178;178 - Anjou;Thouars - Anjou
c_poitiers;178;178 - Anjou;Poitiers - Anjou

d_berry;179;179 - Berry;Duchy Berry - Berry
c_bourges;179;179 - Berry;Bourges - Berry
c_bourges;179;179 - Berry;Duplicate to increase weight
c_sancerre;179;179 - Berry;Sancerre - Berry

c_orleans;184;184 - Orleanais;Orléans - Orleanais
c_blois;184;184 - Orleanais;Blois - Orleanais
c_tourraine;184;184 - Orleanais;Tours - Orleanais
c_vendome;184;184 - Orleanais;Vendôme - Orleanais
c_chateaudun;184;184 - Orleanais;Chateaudun - Orleanais

### Burgundy

d_nevers;191;191 - Nevers;Duchy Nevers - Nevers
c_nevers;191;191 - Nevers;Nevers - Nevers
c_nevers;191;191 - Nevers;Duplicate to increase weight
c_auxerre;191;191 - Nevers;Auxerre - Nevers
c_auxois;191;191 - Nevers;Auxois - Nevers

d_burgundy;192;192 - Bourgogne;Duchy Bourgogne - Bourgogne
c_dijon;192;192 - Bourgogne;Dijon - Bourgogne
c_auxois;192;192 - Bourgogne;Auxois - Bourgogne
c_amous;192;192 - Bourgogne;Amous - Bourgogne
c_langres;192;192 - Bourgogne;Langres - Bourgogne

d_upper_burgundy;193;193 - Franche-Comte;Duchy Haute Bourgogne - Franche-Comté
c_varais;193;193 - Franche-Comte;Varais - Franche-Comté
c_portois;193;193 - Franche-Comte;Portois - Franche-Comté
c_montbeliard;193;193 - Franche-Comte;Montbéliard - Franche-Comté
c_besancon;193;193 - Franche-Comte;Besancon - Franche-Comté
c_neuchatel;193;193 - Franche-Comte;Neuchatel - Franche-Comté

c_charolais;1877;1877 - Charolais;Charolais - Charolais
c_charolais;1877;1877 - Charolais;Duplicate to increase weight
c_chalons;1877;1877 - Charolais;Chalons - Charolais
c_macon;1877;1877 - Charolais;Mâcon - Charolais
c_bugey;1877;1877 - Charolais;Bresse - Charolais

### Pyrenees

c_labourd;173;173 - Labourd;Dax - Labourd
c_labourd;173;173 - Labourd;Duplicate to increase weight
c_albret;173;173 - Labourd;Labrit - Labourd
c_marsan;173;173 - Labourd;Marsan - Labourd

c_armagnac;175;175 - Armagnac;Armagnac - Armagnac
c_armagnac;175;175 - Armagnac;Duplicate to increase weight
c_agen;175;175 - Armagnac;Agen - Armagnac

c_bearn;176;176 - Bearn;Béarn - Béarn
c_bigorre;176;176 - Bearn;Bigorre - Béarn
c_comminges;176;176 - Bearn;Comminges - Béarn

## Iberia
### Aragon

d_navarra;210;210 - Navarra;Duchy Navarra - Navarra
c_navarra;210;210 - Navarra;Navarra - Navarra
c_navarra;210;210 - Navarra;Duplicate to increase weight
c_navarra;210;210 - Navarra;Duplicate to increase weight
c_tudela;210;210 - Navarra;Tudela - Navarra
c_guipuzcoa;210;210 - Navarra;Guipúzcoa - Navarra

d_aragon;211;211 - Pirineo;Duchy Aragón - Pirineo
c_alto_aragon;211;211 - Pirineo;Alto Aragón - Pirineo
c_sobrarbe;211;211 - Pirineo;Sobrarbe - Pirineo
c_ribagorza;211;211 - Pirineo;Ribagorza - Pirineo
c_huesca;211;211 - Pirineo;Huesca - Pirineo

d_zaragoza;214;214 - Aragon;Duchy - Zaragoza - Zaragoza
c_zaragoza;214;214 - Aragon;Zaragoza - Zaragoza
c_zaragoza;214;214 - Aragon;Duplicate to increase weight
c_calatayud;214;214 - Aragon;Calatayud - Zaragoza
c_huesca;214;214 - Aragon;Huesca - Zaragoza

d_teruel;2990;2990 - Teruel;Duchy Teruel - Teruel
c_teruel;2990;2990 - Teruel;Teruel - Teruel
c_teruel;2990;2990 - Teruel;Duplicate to increase weight
c_albarracin;2990;2990 - Teruel;Albarracín - Teruel

### Catalonia

c_rosello;197;197 - Roussillon;Rosello - Roussillon

c_girona;212;212 - Girona;Girona - Girona
c_empuries;212;212 - Girona;Empuries - Girona

c_barcelona;213;213 - Barcelona;Barcelona - Barcelona
c_barcelona;213;213 - Barcelona;Duplicate to increase weight
c_barcelona;213;213 - Barcelona;Duplicate to increase weight
c_girona;213;213 - Barcelona;Girona - Barcelona
c_tarragona;213;213 - Barcelona;Tortosa - Barcelona

d_mallorca;333;333 - The Baleares;Duchy Mallorca - The Baleares
c_mallorca;333;333 - The Baleares;Mallorca - The Baleares
c_mallorca;333;333 - The Baleares;Duplicate to increase weight
c_menorca;333;333 - The Baleares;Menorca - The Baleares
c_eivissa;333;333 - The Baleares;Eivissa - The Baleares

c_urgell;2987;2987 - Urgell;Urgell - Urgell
c_urgell;2987;2987 - Urgell;Duplicate to increase weight
c_lleida;2987;2987 - Urgell;Lleida - Urgell

### Valencia

d_valencia;220;220 - Valencia;Duchy Valencia - València
c_valencia;220;220 - Valencia;Valencia - València
c_castellon;220;220 - Valencia;Castellon - València

c_denia;1750;1750 - Alicante;Denia - Alicante
c_denia;1750;1750 - Alicante;Duplicate to increase weight
c_murcia;1750;1750 - Alicante;Murcia - Alicante

d_catalunya_nova;2988;2988 - Tarragona;Duchy Catalunya Nova - Tarragona
c_tarragona;2988;2988 - Tarragona;Tortosa - Tarragona
c_tarragona;2988;2988 - Tarragona;Duplicate to increase weight
c_caspe;2988;2988 - Tarragona;Caspe - Tarragona
c_lleida;2988;2988 - Tarragona;Lleida - Tarragona

### Lower Andalucia

d_sevilla;224;224 - Andalucia;Duchy Sevilla - Sevilla
c_sevilla;224;224 - Andalucia;Sevilla - Sevilla
c_sevilla;224;224 - Andalucia;Duplicate to increase weight
c_sevilla;224;224 - Andalucia;Duplicate to increase weight
c_niebla;224;224 - Andalucia;Niebla - Sevilla
c_niebla;224;224 - Andalucia;Duplicate to increase weight
c_cadiz;224;224 - Andalucia;Carmona - Sevilla

c_cordoba;225;225 - Cordoba;Cordoba - Córdoba

c_algeciras;226;226 - Gibraltar;Algeciras - Gibraltar

c_algeciras;1749;1749 - Cadiz;Algeciras - Cadiz
c_algeciras;1749;1749 - Cadiz;Duplicate to increase weight
c_sevilla;1749;1749 - Cadiz;Sevilla - Cadiz

### Upper Andalucia

c_almeria;222;222 - Almeria;Almeria - Almería
c_almeria;222;222 - Almeria;Duplicate to increase weight
c_granada;222;222 - Almeria;Granada - Almería

d_granada;223;223 - Granada;Duchy Granada - Granada
c_granada;223;223 - Granada;Granada - Granada
c_malaga;223;223 - Granada;Malaga - Granada

c_jaen;1748;1748 - La Mancha;Jaén - Jaén

### Castille

d_segovia;215;215 - Castilla La Vieja;Duchy Segovia - Castilla La Vieja
c_valladolid;215;215 - Castilla La Vieja;Valladolid - Castilla La Vieja
c_medina_del_campo;215;215 - Castilla La Vieja;Medina del Campo - Castilla La Vieja
c_segovia;215;215 - Castilla La Vieja;Segovia - Castilla La Vieja
c_avila;215;215 - Castilla La Vieja;Ávila - Castilla La Vieja

c_guadalajara;217;217 - Madrid;Guadalajara - Madrid
c_guadalajara;217;217 - Madrid;Duplicate to increase weight
c_guadalajara;217;217 - Madrid;Duplicate to increase weight
c_caceres;217;217 - Madrid;Talavera - Madrid
c_toledo;217;217 - Madrid;Toledo - Madrid

c_burgos;1746;1746 - Burgos;Burgos - Burgos
c_burgos;1746;1746 - Burgos;Duplicate to increase weight
c_palencia;1746;1746 - Burgos;Palencia - Burgos
c_palencia;1746;1746 - Burgos;Duplicate to increase weight
c_valladolid;1746;1746 - Burgos;Burgos - Burgos

c_soria;2755;2755 - Soria;Soria - Soria
c_soria;2755;2755 - Soria;Duplicate to increase weight
c_molina;2755;2755 - Soria;Molina - Soria

d_najera;2989;2989 - Rioja;Duchy Nájera - Rioja
c_najera;2989;2989 - Rioja;Nájera - Rioja
c_logrono;2989;2989 - Rioja;Logroño - Rioja
c_soria;2989;2989 - Rioja;Soria - Rioja
c_burgos;2989;2989 - Rioja;Burgos - Rioja

### Toledo

c_toledo;219;219 - Toledo;Toledo - Toledo
c_toledo;219;219 - Toledo;Duplicate to increase weight
c_toledo;219;219 - Toledo;Duplicate to increase weight
c_la_mancha;219;219 - Toledo;Alarcón - Toledo
c_la_mancha;219;219 - Toledo;Duplicate to increase weight
c_caceres;219;219 - Toledo;Talavera - Toledo
c_calatrava;219;219 - Toledo;Calatrava - Toledo

c_murcia;221;221 - Murcia;Murcia - Murcia
c_murcia;221;221 - Murcia;Duplicate to increase weight
c_almansa;221;221 - Murcia;Villena - Murcia

c_cuenca;2751;2751 - Cuenca;Cuenca - Cuenca
c_cuenca;2751;2751 - Cuenca;Duplicate to increase weight
c_almansa;2751;2751 - Cuenca;Villena - Cuenca

d_la_mancha;2754;2754 - La Mancha;Duchy La Mancha - La Mancha
c_calatrava;2754;2754 - La Mancha;Calatrava - La Mancha
c_calatrava;2754;2754 - La Mancha;Duplicate to increase weight
c_alcaraz;2754;2754 - La Mancha;Alcaraz - La Mancha

### Asturias

d_galicia;206;206 - Galicia;Duchy Galicia - Galicia
c_coruna;206;206 - Galicia;Trastámara - Galicia
c_santiago;206;206 - Galicia;Santiago - Galicia
c_lugo;206;206 - Galicia;Lugo - Galicia
c_lemos;206;206 - Galicia;Lemos - Galicia

c_asturias_de_oviedo;207;207 - Asturias;Asturias de Oviedo - Asturias

c_viscaya;209;209 - Vizcaya;Viscaya - Vizcaya
c_viscaya;209;209 - Vizcaya;Duplicate to increase weight
c_alava;209;209 - Vizcaya;Álava - Vizcaya
c_guipuzcoa;209;209 - Vizcaya;Guipúzcoa - Vizcaya

c_asturias_de_santillana;1745;1745 - Cantabria;Asturias de Santillana - Cantabria
c_asturias_de_santillana;1745;1745 - Cantabria;Asturias de Santillana - Cantabria
c_palencia;1745;1745 - Cantabria;Palencia - Cantabria

### Leon

d_leon;208;208 - Leon;Duchy León - León
c_leon;208;208 - Leon;León - León
c_leon;208;208 - Leon;Duplicate to increase weight
c_astorga;208;208 - Leon;Astorga - León
c_zamora;208;208 - Leon;Zamora - León
c_toro;208;208 - Leon;Toro - León

d_salamanca;216;216 - Salamanca;Duchy Salamanca - Salamanca
c_salamanca;216;216 - Salamanca;Salamanca - Salamanca
c_salamanca;216;216 - Salamanca;Duplicate to increase weight
c_salamanca;216;216 - Salamanca;Duplicate to increase weight
c_ciudad_rodrigo;216;216 - Salamanca;Ciudad Rodrigo - Salamanca

c_badajoz;218;218 - Badajoz;Badajoz - Badajoz
c_aracena;218;218 - Badajoz;Mérida - Badajoz

c_plasencia;1747;1747 - Caceres;Plasencia - Caceres
c_alcantara;1747;1747 - Caceres;Alcantara - Caceres

### Alentejo

c_lisboa;227;227 - Lisboa;Lisboa - Lisboa
c_lisboa;227;227 - Lisboa;Duplicate to increase weight
c_setubal;227;227 - Lisboa;Setúbal - Lisboa
c_leiria;227;227 - Lisboa;Leiria - Lisboa
c_thomar;227;227 - Lisboa;Tomar - Lisboa

d_beja;229;229 - Alentejo;Duchy Alentejo - Alentejo
c_evora;229;229 - Alentejo;Évora - Alentejo
c_beja;229;229 - Alentejo;Beja - Alentejo
c_mertola;229;229 - Alentejo;Mértola - Alentejo
c_alcacer_do_sal;229;229 - Alentejo;Alcácer do Sal - Alentejo

d_algarve;230;230 - Algarve;Duchy Algarve - Algarve
c_silves;230;230 - Algarve;Silves - Algarve
c_faro;230;230 - Algarve;Faro - Algarve

### Beiras

c_porto;231;231 - Porto;Oporto - Porto
c_braga;231;231 - Porto;Braga - Porto

c_braganza;232;232 - Braganca;Bragança - Bragança

d_beira;228;228 - Beira;Duchy Beira - Beira
c_trancoso;228;228 - Beira;Trancoso - Beira
c_castelo_branco;228;228 - Beira;Castelo Branco - Beira

c_coimbra;1851;1851 - Ribatejo;Coimbra - Coimbra
c_viseu;1851;1851 - Ribatejo;Viseu - Coimbra

### Macaronesia

d_canarias;366;366 - The Canarias;Duchy Canarias - The Canarias
c_tenerife;366;366 - The Canarias;Tenerife - The Canarias
c_canarias;366;366 - The Canarias;Gran Canaria - The Canarias

#### The Azores (off-map)
#### Madeira (off-map)
## Italy
### Venetia

d_verona;108;108 - Verona;Duchy Verona - Verona
c_verona;108;108 - Verona;Verona - Verona
c_verona;108;108 - Verona;Duplicate to increase weight
c_bassano;108;108 - Verona;Vicenza - Verona
c_padova;108;108 - Verona;Padua - Verona

c_aquileia;111;111 - Friuli;Aquileia - Friuli

c_venezia;112;112 - Venezia;Venezia - Venezia

c_treviso;1774;1774 - Treviso;Treviso - Treviso

### Lombardy

d_lombardia;104;104 - Milan;Duchy Milan - Milan
c_lombardia;104;104 - Milan;Milano - Milan
c_lombardia;104;104 - Milan;Duplicate to increase weight
c_bergamo;104;104 - Milan;Bergamo - Milan
c_como;104;104 - Milan;Como - Milan
c_grisons;104;104 - Milan;Ticino - Milan

c_brescia;107;107 - Brescia;Brescia - Brescia
c_brescia;107;107 - Brescia;Duplicate to increase weight
c_brescia;107;107 - Brescia;Duplicate to increase weight
c_como;107;107 - Brescia;Como - Brescia
c_bergamo;107;107 - Brescia;Bergamo - Brescia

d_mantua;109;109 - Mantua;Duchy Mantua - Mantua
c_mantua;109;109 - Mantua;Mantua - Mantua
c_novellara;109;109 - Mantua;Novellara - Mantua

c_cremona;1862;1862 - Cremona;Cremona - Cremona

c_novara;2979;2979 - Novarra;Novara - Novara
c_sepiro;2979;2979 - Novarra;Sepiro - Novara
c_pavia;2979;2979 - Novarra;Pavia - Novara
c_bobbio;2979;2979 - Novarra;Bobbio - Novara

### Piedmont

d_susa;103;103 - Piedmont;Duchy Piemonte - Piedmont
c_piemonte;103;103 - Piedmont;Susa - Piedmont
c_piemonte;103;103 - Piedmont;Duplicate to increase weight
c_ivrea;103;103 - Piedmont;Ivrea - Piedmont

c_saluzzo;1875;1875 - Turin;Saluzzo - Cuneo

c_monferrato;2981;2981 - Montferrat;Monferrato - Montferrat

### Tuscany

c_pisa;115;115 - Pisa;Pisa - Pisa

c_firenze;116;116 - Firenze;Firenze - Firenze
c_guidi;116;116 - Firenze;Guidi - Firenze

c_siena;117;117 - Siena;Siena - Siena
c_siena;117;117 - Siena;Duplicate to increase weight
c_siena;117;117 - Siena;Duplicate to increase weight
c_orbetello;117;117 - Siena;Santa Fiora - Siena
c_orbetello;117;117 - Siena;Duplicate to increase weight
c_piombino;117;117 - Siena;Grosseto - Siena
c_volterra;117;117 - Siena;Volterra - Siena

c_arezzo;2978;2978 - Arezzo;Arezzo - Arezzo
c_arezzo;2978;2978 - Arezzo;Duplicate to increase weight
c_firenze;2978;2978 - Arezzo;Firenze - Arezzo
c_guidi;2978;2978 - Arezzo;Guidi - Arezzo

d_lucca;2980;2980 - Lucca;Duchy Lucca - Lucca
c_lucca;2980;2980 - Lucca;Lucca - Lucca
c_lucca;2980;2980 - Lucca;Duplicate to increase weight
c_malaspina;2980;2980 - Lucca;Malaspina - Lucca

### Liguria

c_genoa;101;101 - Genoa;Genova - Genoa

c_nice;102;102 - Nice;Nice

d_savona;2992;2992 - Albenga;Duchy Savona - Albenga
c_savona;2992;2992 - Albenga;Savona - Albenga
c_finale;2992;2992 - Albenga;Finale - Albenga
c_ventimiglia;2992;2992 - Albenga;Ventimiglia - Albenga

### Corsica & Sardinia

d_sardinia;127;127 - Sassari;Duchy Sardinia - Sassari
c_logudoro;127;127 - Sassari;Logudoro - Sassari
c_logudoro;127;127 - Sassari;Duplicate to increase weight
c_gallura;127;127 - Sassari;Gallura - Sassari

d_corsica;1247;1247 - Corsica;Duchy Corsica - Corsica
c_corsica;1247;1247 - Corsica;Cinarca - Corsica
c_terradicomune;1247;1247 - Corsica;Terra di Comune - Corsica
c_corse;1247;1247 - Corsica;Capo di Corse - Corsica

d_sardinia;2986;2986 - Cagliari;Duchy Sardinia - Cagliari
c_cagliari;2986;2986 - Cagliari;Cagliari - Cagliari
c_cagliari;2986;2986 - Cagliari;Duplicate to increase weight
c_arborea;2986;2986 - Cagliari;Arborea - Cagliari

### Sicily

c_messina;124;124 - Messina;Messina - Messina
c_messina;124;124 - Messina;Duplicate to increase weight
c_messina;124;124 - Messina;Duplicate to increase weight
c_enna;124;124 - Messina;Castru Jani - Messina
c_palermo;124;124 - Messina;Palermu - Messina
c_siracusa;124;124 - Messina;Sarausa - Messinae

c_palermo;125;125 - Palermo;Palermu - Palermo
c_trapani;125;125 - Palermo;Tràpani - Palermo
c_agrigento;125;125 - Palermo;Girgenti - Palermo

c_malta;126;126 - Malta;Malta - Malta

c_siracusa;2982;2982 - Syracuse;Sarausa - Syracuse
c_modica;2982;2982 - Syracuse;Muòrica - Syracuse
c_modica;2982;2982 - Syracuse;Duplicate to increase weight

### Naples

d_alvito;120;120 - Abbruzzi;Duchy Alvito - Abruzzi
c_alvito;120;120 - Abbruzzi;Alvito - Abruzzi
c_celano;120;120 - Abbruzzi;Celano - Abruzzi
c_manopello;120;120 - Abbruzzi;Manopello - Abruzzi
c_chieti;120;120 - Abbruzzi;Teate - Abruzzi
c_alife;120;120 - Abbruzzi;Alife - Abruzzi
c_aprutium;120;120 - Abbruzzi;Abruzzo - Abruzzi
c_fermo;120;120 - Abbruzzi;Fermo - Abruzzi

d_napoli;121;121 - Napoli;Duchy Napoli - Napoli
c_napoli;121;121 - Napoli;Napoli - Napoli
c_aversa;121;121 - Napoli;Aversa - Napoli
c_capua;121;121 - Napoli;Capua - Napoli
c_gaeta;121;121 - Napoli;Gaeta - Napoli
c_sangermano;121;121 - Napoli;Aquino - Napoli
c_benevento;121;121 - Napoli;Benevento - Napoli

d_salerno;2983;2983 - Salerno;Duchy Salerno - Salerno
c_salerno;2983;2983 - Salerno;Salerno - Salerno
c_salerno;2983;2983 - Salerno;Duplicate to increase weight
c_benevento;2983;2983 - Salerno;Benevento - Salerno
c_amalfi;2983;2983 - Salerno;Amalfi - Salerno

### Calabria

d_calabria;123;123 - Calabria;Duchy Calabria - Calabria
c_reggio;123;123 - Calabria;Gerace - Calabria
c_catanzaro;123;123 - Calabria;Catanzaro - Calabria

c_apulia;1934;1934 - Lucania;Melfi - Lucania
c_marsico;1934;1934 - Lucania;Marsico - Lucania
c_gravina;1934;1934 - Lucania;Gravina - Lucania

c_consenza;2984;2984 - Costenza;Tarsia - Cosenza

### Apulia

d_tarent;122;122 - Apulia;Duchy Principato di Taranto - Salento
c_taranto;122;122 - Apulia;Taranto - Salento
c_conversano;122;122 - Apulia;Conversano - Salento
c_lecce;122;122 - Apulia;Lecce - Salento

c_bari;1933;1933 - Bari;Bari - Bari
c_andria;1933;1933 - Bari;Andria - Bari
c_apulia;1933;1933 - Bari;Melfi - Bari

c_foggia;2985;2985 - Capitanata;Monte Sant'Angelo - Capitanata
c_larino;2985;2985 - Capitanata;Larino - Capitanata
c_molise;2985;2985 - Capitanata;Molise - Capitanata
c_benevento;2985;2985 - Capitanata;Benevento - Capitanata
c_apulia;2985;2985 - Capitanata;Melfi - Capitanata

### Emilia-Romagna

c_parma;105;105 - Parma;Parma - Parma
c_piacenza;105;105 - Parma;Piacenza - Parma
c_malaspina;105;105 - Parma;Malaspina - Parma

d_modena;106;106 - Modena;Duchy Modena e Reggio - Modena
c_modena;106;106 - Modena;Modena - Modena
c_frignano;106;106 - Modena;Frignano - Modena
c_reggionellemilia;106;106 - Modena;Reggio nell Emilia - Modena

d_ferrara;113;113 - Ferrara;Duchy Ferrara - Ferrara
c_ferrara;113;113 - Ferrara;Ferrara - Ferrara
c_rovigo;113;113 - Ferrara;Rovigo - Ferrara

c_ravenna;114;114 - Romagna;Ravenna - Romagna
c_bologna;114;114 - Romagna;Bologna - Romagna
c_forli;114;114 - Romagna;Forli - Romagna

### Central Italy

c_roma;118;118 - Roma;Roma - Roma
c_roma;118;118 - Roma;Duplicate to increase weight
c_roma;118;118 - Roma;Duplicate to increase weight
d_latium;118;118 - Roma;Duchy Latium - Roma
c_tusculum;118;118 - Roma;Tusculum - Roma
c_nerola;118;118 - Roma;Nerola - Roma
c_viterbo;118;118 - Roma;Viterbo - Roma
c_orvieto;118;118 - Roma;Orvieto - Roma

d_ancona;119;119 - Ancona;Duchy Marche - Ancona
c_ancona;119;119 - Ancona;Ancona - Ancona
c_fermo;119;119 - Ancona;Fermo - Ancona
c_camerino;119;119 - Ancona;Camerino - Ancona

c_spoleto;2976;2976 - Umbria;Spoleto - Umbria
c_perugia;2976;2976 - Umbria;Perugia - Umbria
c_urbino;2976;2976 - Umbria;Urbino - Umbria

c_urbino;2977;2977 - Urbino;Urbino - Urbino
c_montefeltro;2977;2977 - Urbino;Montefeltro - Urbino
c_rimini;2977;2977 - Urbino;Rimini - Urbino

## Britain
### Mercia

c_oxford;237;237 - Oxfordshire;Oxford - Oxfordshire
c_berks;237;237 - Oxfordshire;Bearroc - Oxfordshire
c_bucks;237;237 - Oxfordshire;Buckingham - Oxfordshire
c_bedford;237;237 - Oxfordshire;Bedford - Oxfordshire

c_gloucester;239;239 - Gloucestershire;Gloucester - Gloucestershire

c_warwick;240;240 - Marches;Warwick - Marches
c_stafford;240;240 - Marches;Stafford - Marches
c_shrewsbury;240;240 - Marches;Shrewsbury - Marches
c_worcester;240;240 - Marches;Worcester - Marches
c_hereford;240;240 - Marches;Worcester - Marches

c_lincoln;243;243 - Lincoln;Lincoln - Lincolnshire

c_derby;1861;1861 - Derby;Derby - Derbyshire
c_leicester;1861;1861 - Derby;Leicester - Derbyshire
c_nottingham;1861;1861 - Derby;Nottingham - Derbyshire
c_northampton;1861;1861 - Derby;Northampton - Derbyshire
c_rutland;1861;1861 - Derby;Rutland - Derbyshire

### Wessex

c_winchester;234;234 - Hampshire;Winchester - Hampshire
c_wiltshire;234;234 - Hampshire;Wiltshire - Hampshire

d_canterbury;235;235 - Kent;Duchy Kent - Kent
c_kent;235;235 - Kent;Kent - Kent
c_sussex;235;235 - Kent;Sussex - Kent

c_somerset;4130;4130 - Somerset;Somerset - Somerset
c_dorset;4130;4130 - Somerset;Dorset - Somerset

### East Anglia

c_middlesex;236;236 - London;Middlesex - London
c_surrey;236;236 - London;Surrey - London
c_hertford;236;236 - London;Hertford - London

c_essex;238;238 - Essex;Essex - Essex
c_essex;238;238 - Essex;Duplicate to increase weight
c_cambridge;238;238 - Essex;Cambridge - Essex
c_huntingdon;238;238 - Essex;Huntingdon - Essex
c_ely;238;238 - Essex;Isle of Ely - Essex
c_suffolk;238;238 - Essex;Suffolk - Essex

c_norfolk;1860;1860 - Norfolk;Norfolk - Norfolk
c_norfolk;1860;1860 - Norfolk;Duplicate to increase weight
c_suffolk;1860;1860 - Norfolk;Suffolk - Norfolk

### Northumbria

d_lancaster;244;244 - Lancashire;Duchy Lancaster - Lancashire
c_lancaster;244;244 - Lancashire;Lancaster - Lancashire
c_chester;244;244 - Lancashire;Chester - Lancashire

d_york;245;245 - Yorkshire;Duchy York - Yorkshire
c_york;245;245 - Yorkshire;West York Ridding - Yorkshire
c_richmond;245;245 - Yorkshire;Richmond - Yorkshire
c_york_moors;245;245 - Yorkshire;The North Riding - Yorkshire
c_york_wolds;245;245 - Yorkshire;The East Riding - Yorkshire

d_northumberland;246;246 - Northumberland;Duchy Northumberland - Northumberland
c_northumberland;246;246 - Northumberland;Northumberland - Northumberland
c_durham;246;246 - Northumberland;Durham - Northumberland

c_cumberland;247;247 - Cumbria;Cumberland - Cumbria
c_cumberland;247;247 - Cumbria;Duplicate to increase weight
c_westmorland;247;247 - Cumbria;Westmorland - Cumbria
c_isle_of_man;247;247 - Cumbria;Isle of Man - Cumbria

### Wales

d_cornwall;233;233 - Cornwall;Duchy Cornwall - Cornwall
c_cornwall;233;233 - Cornwall;Cornwall - Cornwall
c_devon;233;233 - Cornwall;Devon - Cornwall

d_morgannwg;241;241 - Glamorgan;Duchy Glamorgan - Glamorganshire
c_glamorgan;241;241 - Glamorgan;Glywysing - Glamorganshire
c_gwent;241;241 - Glamorgan;Gwent - Glamorganshire
c_gwyr;241;241 - Glamorgan;Gwyr - Glamorganshire
d_deheubarth;241;241 - Glamorgan;Duchy Deheubarth - Glamorganshire
c_brycheiniog;241;241 - Glamorgan;Brycheiniog - Glamorganshire
c_ystrad_tywi;241;241 - Glamorgan;Ystrad Tywi - Glamorganshire
c_dyfed;241;241 - Glamorgan;Dyfed - Glamorganshire
c_ceredigion;241;241 - Glamorgan;Ceredigion - Glamorganshire

d_gwynedd;242;242 - Gwynedd;Duchy Gwynedd - Gwynedd
c_gwynedd;242;242 - Gwynedd;Gwynedd - Gwynedd
c_anglesey;242;242 - Gwynedd;Ynys Môn - Gwynedd
c_powys;242;242 - Gwynedd;Maelor - Gwynedd
c_perfeddwlad;242;242 - Gwynedd;Perfeddwlad - Gwynedd
d_powys;242;242 - Gwynedd;Duchy Powis - Gwynedd
c_powys_wenwynwyn;242;242 - Gwynedd;Powys Wenwynwyn - Gwynedd
c_buellt;242;242 - Gwynedd;Buellt - Gwynedd
c_rhwng;242;242 - Gwynedd;Rhwng Gwy A Hafren - Gwynedd

### Lowlands

d_lothian;248;248 - Lothian;Duchy Lothian - Lothian
c_lothian;248;248 - Lothian;Lothian - Lothian
c_dunbar;248;248 - Lothian;Dunbar - Lothian
c_tweedale;248;248 - Lothian;Tweedale - Lothian
c_teviotdale;248;248 - Lothian;Teviotdale - Lothian

d_strathclyde;249;249 - Ayrshire;Duchy Strathclyde - Ayrshire
c_clydesdale;249;249 - Ayrshire;Clydesdale - Ayrshire
c_dunphris;249;249 - Ayrshire;Srath Anann - Ayrshire
c_rinnfriu;249;249 - Ayrshire;Rinn Friu - Ayrshire
d_galloway;249;249 - Ayrshire;Duchy Galloway - Ayrshire
c_galloway;249;249 - Ayrshire;Galloway - Ayrshire
c_carrick;249;249 - Ayrshire;Carrick - Ayrshire
c_bod;249;249 - Ayrshire;Bod - Ayrshire

d_albany;250;250 - Fife;Duchy Albany - Fife
c_fife;250;250 - Fife;Fife - Fife
c_gowrie;250;250 - Fife;Gowrie - Fife
c_strathearn;250;250 - Fife;Strathearn - Fife
c_atholl;250;250 - Fife;Atholl - Fife

### Highlands

c_inbhirnis;252;252 - Inverness;Inbhir Nis - Inverness
d_hebrides;252;252 - Inverness;Duchy Inner Hebrides - Inverness
c_argyll;252;252 - Inverness;Argyll - Inverness
c_innse_gall;252;252 - Inverness;Suðreyar - Inverness
c_strathearn;252;252 - Inverness;Strathearn - Inverness
c_dunbreatainn;252;252 - Inverness;Dun Breatainn - Inverness
c_muile;252;252 - Inverness;Muile - Inverness
c_ile;252;252 - Inverness;Ile - Inverness
c_kintyre;252;252 - Inverness;Kintyre - Inverness
c_bod;252;252 - Inverness;Bod - Inverness

d_western_isles;253;253 - Western Isles;Duchy Outer Hebrides - Western Isles
c_uibhist;253;253 - Western Isles;Uibhist - Western Isles
c_uibhist;253;253 - Western Isles;Duplicate to increase weight
c_leodhas;253;253 - Western Isles;Leodhas - Western Isles
c_leodhas;253;253 - Western Isles;Duplicate to increase weight
c_innse_gall;253;253 - Western Isles;Suðreyar - Western Isles

c_orkney;369;369 - Orkney;Orkneyar - Orkney

d_sutherland;4110;4110 - Sutherland;Duchy Sutherland - Sutherland
c_ross;4110;4110 - Sutherland;Ross - Sutherland
c_ross;4110;4110 - Sutherland;Duplicate to increase weight
c_sutherland;4110;4110 - Sutherland;Cataibh - Sutherland
c_sutherland;4110;4110 - Sutherland;Duplicate to increase weight
c_caithness;4110;4110 - Sutherland;Katanes - Sutherland

d_aberdeen;251;251 - Aberdeen;Duchy Aberdeen - Aberdeenshire
c_obardheathain;251;251 - Aberdeen;Obar Dheathain - Aberdeenshire
c_obardheathain;251;251 - Aberdeen;Duplicate to increase weight
c_moray;251;251 - Aberdeen;Moray - Aberdeenshire
c_buchan;251;251 - Aberdeen;Buchan - Aberdeenshire
c_cinnchardainn;251;251 - Aberdeen;Cinn Chardainn - Aberdeenshire

### Eastern Ireland

c_tyrone;372;372 - Tyrone;Tyrone - Tyrone
c_tyrone;372;372 - Tyrone;Duplicate to increase weight
c_tyrconnell;372;372 - Tyrone;Tyrconnell - Tyrone
c_tyrconnell;372;372 - Tyrone;Duplicate to increase weight
c_oriel;372;372 - Tyrone;Oriel - Tyrone

c_dublin;373;373 - Meath;Dublin - Pale
c_brega;373;373 - Meath;Brega - Pale
c_brega;373;373 - Meath;Duplicate to increase weight
c_oriel;373;373 - Meath;Oriel - Pale
c_oriel;373;373 - Meath;Duplicate to increase weight
c_ulster;373;373 - Meath;Antrim - Pale

d_leinster;374;374 - Leinster;Duchy Leinster - Leinster
c_leinster;374;374 - Leinster;Wexford - Leinster
c_wicklow;374;374 - Leinster;Chill Mhantain - Leinster
c_kildare;374;374 - Leinster;Kildare - Leinster
c_ossory;374;374 - Leinster;Ossory - Leinster

c_kildare;4120;4120 - Kildare;Kildare - Kildare
c_ossory;4120;4120 - Kildare;Ossory - Kildare
c_offaly;4120;4120 - Kildare;Uibh Fhaili - Kildare
c_tethbae;4120;4120 - Kildare;Tethbae - Kildare
c_cavan;4120;4120 - Kildare;Chabhain - Kildare

c_ulster;4121;4121 - Ulster;Antrim - Ulster

### Western Ireland

c_desmond;375;375 - Munster;Kerry - Limerick
c_desmond;375;375 - Munster;Duplicate to increase weight
c_limerick;375;375 - Munster;Luimnigh - Limerick
c_thomond;375;375 - Munster;Clare - Limerick
c_thomond;375;375 - Munster;Duplicate to increase weight
c_hy_many;375;375 - Munster;Hy Many - Limerick
c_connacht;375;375 - Munster;Mayo - Limerick

c_connacht;376;376 - Connaught;Mayo - Connaught

c_cork;4118;4118 - Desmond;Corcaigh - Cork
c_cork;4118;4118 - Desmond;Duplicate to increase weight
c_ormond;4118;4118 - Desmond;Waterford - Cork
c_tipperary;4118;4118 - Desmond;Thiobraid Arann - Cork

c_moylurg;4119;4119 - Sligo;Moylurg - Sligo
c_moylurg;4119;4119 - Sligo;Duplicate to increase weight
c_moylurg;4119;4119 - Sligo;Duplicate to increase weight
c_breifne;4119;4119 - Sligo;Leitrim - Sligo
c_hy_many;4119;4119 - Sligo;Hy Many - Sligo
c_cavan;4119;4119 - Sligo;Chabhain - Sligo
c_tyrconnell;4119;4119 - Sligo;Tyrconnell - Sligo

## South Germany
### Tirol

####;73;73 - Tirol;Tirol

####;110;110 - Trent;Trent

####;1768;1768 - Lienz;Lienz

### Austria Proper

####;133;133 - Linz;Linz

####;134;134 - Wien;Wien

####;1770;1770 - Ostmarch;Ostmarch

### Inner Austria

####;128;128 - Karnten;Kärnten

####;132;132 - Steiermark;Steiermark

####;1863;1863 - Graz;Graz

### Carniola

####;129;129 - Krain;Krain

####;130;130 - Istria;Istria

####;1769;1769 - Gorz;Görz

### Switzerland

####;166;166 - Schwyz;Waldstätte

####;1869;1869 - Zurich;Zürich

####;1870;1870 - St Gallen;St Gallen

####;1873;1873 - Chur;Graubünden

### Lower Bavaria

####;64;64 - Landshut;Landshut

####;1757;1757 - Oberpfalz;Oberpfalz

####;2956;2956 - Straubing;Straubing

####;2957;2957 - Regensburg;Regensburg

### Upper Bavaria

####;65;65 - Munchen;München

####;76;76 - Salzburg;Salzburg

####;2955;2955 - Ingolstadt;Ingolstadt

### Franconia

####;66;66 - Bamberg;Bamberg

####;67;67 - Nurnberg;Nürnberg

####;79;79 - Wurzburg;Würzburg

### Lower Swabia

####;70;70 - Wurttemberg;Württemberg

####;71;71 - Ansbach;Ansbach

####;1872;1872 - Ulm;Ulm

### Upper Swabia

####;68;68 - Memmingen;Memmingen

####;69;69 - Oberschwaben;Oberschwaben

####;1868;1868 - Augsburg;Augsburg

### Upper Rhineland

####;72;72 - Breisgau;Breisgau

####;74;74 - Baden;Baden

####;75;75 - Elsass;Elsass

####;1880;1880 - Sundgau;Sundgau

### Romandie

####;165;165 - Bern;Bern

####;1867;1867 - Freiburg;Vaud

####;1871;1871 - Wallis;Wallis

### Palatinate

####;77;77 - Heidelberg;Heidelberg

####;78;78 - Mainz;Mainz

####;1761;1761 - Pfalz;Pfalz

## North Germany
### Erzgebirge

####;267;267 - Plsen;Plzen

####;1771;1771 - Erz;Erz

####;2967;2967 - Eger;Eger

### South Saxony

####;59;59 - Wittenberg;Wittenberg

####;60;60 - Lausitz;Oberlausitz

####;61;61 - Dresden;Dresden

### Northern Saxony

####;52;52 - Magdeburg;Magdeburg

####;58;58 - Anhalt;Anhalt

####;2964;2964 - Altmark;Altmark

### Thuringia

####;62;62 - Leipzig;Leipzig

####;63;63 - Erfurt;Thüringen

####;2965;2965 - Vogtland;Vogtland

### Neumark

####;49;49 - Neumark;Neumark

####;1763;1763 - Niederlausitz;Niederlausitz

####;2969;2969 - Sternberg;Sternberg

### Mittelmark

####;50;50 - Berlin;Berlin

####;51;51 - Ruppin;Ruppin

####;1759;1759 - Potsdam;Potsdam

### Vorpommern

####;47;47 - Stralsund;Stralsund

####;2993;2993 - Uckermark;Uckermark

####;2994;2994 - Greifswald;Greifswald

### Bohemia

####;265;265 - Moravia;Moravia

####;266;266 - Prague;Prague

####;2968;2968 - Budejovice;Budejovice

####;2970;2970 - Hradecko;Hradecko

### Hinterpommern

####;48;48 - Kolberg;Kolberg

####;1858;1858 - Stettin;Stettin

####;2995;2995 - Stolp;Stolp

### North Rhine

####;84;84 - Berg;Berg

####;85;85 - Koln;Köln

####;2975;2975 - Kleves;Kleves

### Lower Rhineland

####;80;80 - Trier;Trier

####;1760;1760 - Koblenz;Koblenz

####;1878;1878 - Aachen;Aachen

### Westphalia

####;56;56 - Osnabruck;Osnabrück

####;82;82 - Lippe;Westfalen

####;86;86 - Munster;Münster

####;2972;2972 - Paderborn;Paderborn

####;2973;2973 - Meppen;Meppen

### Hesse

####;81;81 - Hessen;Hessen

####;83;83 - Nassau;Nassau

####;1762;1762 - Kassel;Kassel

####;1876;1876 - Frankfurt;Frankfurt

### Lower Saxony

####;53;53 - Luneburg;Lüneburg

####;57;57 - Brunswick;Brunswick

####;1758;1758 - Hannover;Hannover

####;2971;2971 - Hoya;Hoya

### Weser

####;54;54 - Stade;Stade

####;55;55 - Oldenburg;Oldenburg

####;1874;1874 - Bremen;Bremen

### Holstein

####;44;44 - Hamburg;Hamburg

####;1775;1775 - Holstein;Holstein

####;1857;1857 - Lauenburg;Lauenburg

### Mecklenburg

####;45;45 - Lubeck;Lübeck

####;46;46 - Rostock;Rostock

####;2996;2996 - Wismar;Wismar

## Scandinavia
### Svealand

####;1;1-Uppland;Stockholm

####;4;4-Bergslagen;Bergslagen

####;5;5-Varmland;Värmland

####;8;8-Dalaskogen;Dalaskogen

####;1985;1985-Narke;Närke

### Norrland

####;9;9-Halsingland;Hälsingland

####;10;10-Jamtland;Jämtland

####;18;18-Lappland;Lappland

####;4114;4114 - Northern Lappmarks;Jokkmokk

### Götaland

####;2;2-Ostergotland;Östergötland

####;3;3-Smaland;Småland

####;7;7-Vastergotland;Västergötland

####;25;25-Gotland;Gotland

### Skåneland

####;6;6-Skane;Skåne

####;26;26-Halland;Halland

####;1982;1982-Blekinge;Blekinge

### Jutland

####;13;13-Slesvig;Slesvig

####;15;15-Jylland;Midtjylland

####;1984;1984-Nordjylland;Nordjylland

### Denmark

####;12;12-Sjaelland;Sjælland

####;14;14-Fyn;Fyn

####;1981;1981-Bornholm;Bornholm

####;1983;1983-Lolland;Lolland

### Finland

####;27;27-Finland;Åbo

####;28;28 - Nyland;Nyland

####;29;29 -Tavastland;Tavastland

####;31;31-Savolaks;Savolax

####;1930;1930 - Aland;Åland

####;4123;4123 - Birkaland;Pirkanmaa/Birkaland

### Northern Norway

####;20;20-Trondelag;Trøndelag

####;21;21-Halogaland;Hålogaland

####;315;315 - Finnmark;Finnmark

### Eastern Norway

####;16;16-Bohuslan;Bohuslän

####;17;17-Akershus;Akershus

####;22;22-Eisdiva;Eidsiva

### Western Norway

####;23;23-Bergenshus;Bergenshus

####;24;24-Agder;Agder

####;2752;2752 - Sogn;Sogn

### Bothnia

####;11;11-Vasterbotten;Västerbotten

####;19;19-Osterbotten;Österbotten

####;4113;4113 - Rovaniemi;Rovaniemi

### Subarctic Islands

####;370;370 - Reykjavik;Reykjavik

####;371;371 - Akureyri;Akureyri

####;1104;1104 - Eiriksfjord;Eiriksfjord

####;1105;1105 - Vestbygden;Vestbygden

####;1978;1978 - Shetlands;Shetland

####;1979;1979 -Faroes;Färöarna/Færøyene

## Low Countries
### Wallonia

####;91;91 - Hainaut;Hainaut

####;181;181 - Rethel;Rethel

####;1866;1866 - Namur;Namur

### Flanders

####;87;87 - Calais;Calais

####;90;90 - Vlaanderen;Vlaanderen

####;1865;1865 - Ghent;Ghent

### Brabant

####;92;92 - Brabant;Brabant

####;95;95 - Breda;Breda

####;1744;1744 - Antwerpen;Antwerpen

### Netherlands

####;96;96 - Zeeland;Zeeland

####;97;97 - Holland;Holland

####;98;98 - Utrecht;Utrecht

### Frisia

####;99;99 - Gelre;Gelre

####;100;100 - Friesland;Friesland

####;1931;1931 - East Frisia;East Frisia

### Liege

####;93;93 - Liege;Liège

####;94;94 - Luxemburg;Luxemburg

####;1742;1742 - Limburg;Limburg

####;2974;2974 - Loon;Loon

# Africa
## Niger
### Adamawa Plateau

####;1161;1161 - Bauchi;Bauchi

####;1162;1162 - Wukari;Wukari

####;1249;1249 - Yola;Yola

### Lower Niger

####;1144;1144 - Oyo;Oyo

####;1145;1145 - Nupe;Nupe

####;1146;1146 - Ife;Ife

####;1152;1152 - Idah;Idah

####;1153;1153 - Pindinga;Pindinga

####;2289;2289 - Ondo;Ondo

### Hausa

####;1148;1148 - Gobir;Gobir

####;1149;1149 - Katsina;Katsina

####;1150;1150 - Zamfara;Zamfara

####;1154;1154 - Zazzau;Zazzau

####;1155;1155 - Kano;Kano

####;2278;2278 - Kebbi;Kebbi

####;2279;2279 - Daura;Daura

####;2280;2280 - Biram;Biram

####;2281;2281 - Rano;Rano

####;2293;2293 - Yawuri;Yawuri

### Upper Volta

####;1135;1135 - Yatenga;Yatenga

####;1136;1136 - Gurma;Gurma

####;1137;1137 - Wagadugi;Wagadugu

####;2265;2265 - Liptako;Liptako

####;2266;2266 - Bilanga;Bilanga

####;2267;2267 - Tenkodogo;Tenkodogo

### Atacora Oueme

####;1140;1140 - Abomey;Abomey

####;1143;1143 - Borgu;Borgu

####;2291;2291 - Ketu;Ketu

####;2292;2292 - Moshi;Moshi

####;2295;2295 - Atakora;Atakora

### Lower Volta

####;1138;1138 - Kumasi;Kumasi

####;2254;2254 - Bonoman;Bonoman

####;2255;2255 - Gyaaman;Gyaaman

####;2256;2256 - Dagbon;Dagbon

####;2257;2257 - Denkyira;Denkyira

### Kong

####;1122;1122 - Bagoe;Bagoe

####;1125;1125 - Kong;Kong

####;2252;2252 - Lobi;Lobi

####;2253;2253 - Gwiriko;Gwiriko

### Massina

####;1123;1123 - Segu;Segu

####;1131;1131 - Massina;Massina

####;1134;1134 - Jenne;Jenne

####;2249;2249 - Sibiridugu;Sibiridugu

####;2250;2250 - Bendugu;Bendugu

####;2261;2261 - Kala;Kala

####;2263;2263 - Haayre;Haayre

### Manding

####;1120;1120 - Bambuk;Bambuk

####;1121;1121 - Bure;Bure

####;1124;1124 - Wasuju;Joma

####;2248;2248 - Do;Do

### Tekrur

####;1115;1115 - Brakna;Brakna

####;2237;2237 - Tekrur;Tekrur

####;2240;2240 - Galam;Galam

####;2244;2244 - Tagant;Tagant

## Guinea
### Cap Verde

####;1096;1096 - Cape Verde;Cape Verde

####;1111;1111 - Arguin;Arguin

####;1112;1112 - Trarza;Trarza

####;1113;1113 - Cayor;Cayor

####;1116;1116 - Wolof;Wolof

####;2239;2239 - Siine;Siine

### Guinea

####;1118;1118 - Sierra Leone;Sierra Leone

####;1119;1119 - Grain Coast;Grain Coast

####;2241;2241 - Beafada;Beafada

####;2242;2242 - Karou;Karou

### Gulf of Guinea

####;1097;1097 - Fernando Po;Fernando Po

####;1147;1147 - Benin;Benin

####;1151;1151 - Bonny;Bonny

####;1163;1163 - Calabar;Calabar

####;1164;1164 - Cameroon;Cameroon

####;1165;1165 - Gabon;Gabon

####;1306;1306 - Sao Tomel;Sao Tome

####;2290;2290 - Ijebu;Ijebu

####;2294;2294 - Warri;Warri

### Futa Jallon

####;1114;1114 - Gabu;Gabu

####;1117;1117 - Futa Jallon;Futa Jallon

####;2238;2238 - Kantor;Kantor

### West African Coast

####;1126;1126 - Ivory Coast;Ivory Coast

####;1139;1139 - Gold Coast;Gold Coast

####;1141;1141 - Whydah;Whydah

####;2258;2258 - Cape Coast;Cape Coast

## Central Africa
### Buha

####;4070;4070 - Nkoma;Nkoma

####;4071;4071 - Buyogoma;Buyogoma

####;4072;4072 - Ruguru;Ruguru

####;4076;4076 - Muhambwe;Muhambwe

####;4077;4077 - Rukwa;Rukwa

### Shaba

####;4098;4098 - Upemba;Upemba

####;4100;4100 - Luapala;Luapula

####;4101;4101 - Lualaba;Lualaba

####;4102;4102 - Bemba;Bemba

####;4103;4103 - Tabwa;Tabwa

### Zambia

####;4094;4094 - Chokwe;Chokwe

####;4095;4095 - Ishindi;Ishindi

####;4104;4104 - Lamba;Lamba

####;4106;4106 - Lenje;Lenje

####;4107;4107 - Kanongesha;Kanongesha

####;4108;4108 - Kaonde;Kaonde

### Luba

####;4097;4097 - Luba;Luba

####;4099;4099 - Hemba;Hemba

####;4105;4105 - Kusu;Kusu

####;4109;4109 - Lega;Lega

### Sankuru

####;4089;4089 - Kuba;Kuba

####;4090;4090 - Songye;Songye

####;4096;4096 - Kalundwe;Kalundwe

### Tanzania

####;4055;4055 - Shamba;Shamba

####;4056;4056 - Gogo;Gogo

####;4057;4057 - Nyatura;Nyatura

####;4058;4058 - Zigua;Zigua

####;4073;4073 - Hehe;Hehe

### Kenya

####;1273;1273 - Taveta;Taveta

####;1925;1925 - Tana;Tana

####;4053;4053 - Turkana;Turkana

####;4054;4054 - Kuria;Kuria

####;4060;4060 - Kikuyu;Kikuyu

### Buzinza

####;4059;4059 - Shaga;Shaga

####;4061;4061 - Buzinza;Buzinza

####;4063;4063 - Karagwe;Karagwe

### Uganda

####;4062;4062 - Basoga;Busoga

####;4064;4064 - Buganda;Buganda

####;4065;4065 - Bunyoro;Bunyoro

####;4066;4066 - Ndorwe;Nkore

####;4074;4074 - Pubungo;Pubungo

####;4075;4075 - Lango;Lango

### Rwanda

####;4067;4067 - Nduga;Nduga

####;4068;4068 - Buzozo;Bafuriru

####;4069;4069 - Bushubi;Bushubi

## Sahel
### Central Sahara

####;774;774 - Al Junaynahr;Al-Junaynah

####;1219;1219 - Kordofan;Darfur

####;2801;2801 - Medwa;Medwa

####;2802;2802 - Kobbe.txt;Kobbe

####;2932;2932 - Obidos;Waddai

### Kanem

####;1158;1158 - Kanem;Kanem

####;1159;1159 - Bagirmi;Bagirmi

####;2286;2286 - Logone;Logone

####;2287;2287 - Kotoko;Kotoko

####;2288;2288 - Yao;Yao

### Bornu

####;1157;1157 - Borno;Borno

####;1160;1160 - Mandara;Mandara

####;2282;2282 - Muniyo;Muniyo

####;2283;2283 - Bedde;Bedde

####;2284;2284 - Manga;Manga

####;2285;2285 - Marghi;Marghi

### Azbin

####;1156;1156 - Damagaram;Damagaram

####;2272;2272 - Azbin;Azbin

####;2273;2273 - Ader;Ader

####;2274;2274 - Air;Air

####;2275;2275 - Tenere;Tenere

####;2276;2276 - Itesan;Itesan

####;2277;2277 - Kawar;Kawar

####;2475;2475 - Djado;Djado

### Kurdufan

####;1216;1216 - Dar Nuba;Tegali

####;1221;1221 - Taqali;El Obeid

####;2800;2800 - Kosti;Kosti

### Western Sahara

####;1127;1127 - Tuat;Tuat

####;1128;1128 - Taodeni;Taudeni

####;1129;1129 - Azawadd;Azawad

####;1130;1130 - Tadmekka;Tadmekka

####;2271;2271 - Azawagh;Azawagh

### Dendi

####;1142;1142 - Dendi;Dendi

####;2268;2268 - Aribanda;Aribanda

####;2269;2269 - Zarmaganda;Zarmaganda

####;2270;2270 - Dallol;Dallol

### Baghena

####;2243;2243 - Termes;Termes

####;2245;2245 - Wagadu;Wagadu

####;2246;2246 - Baghena;Baghena

####;2247;2247 - Hodh;Hodh

### Niger Bend

####;1132;1132 - Timbuktu;Timbuktu

####;1133;1133 - Gao;Gao

####;2259;2259 - Bara;Sah

####;2260;2260 - Mema;Mema

####;2262;2262 - Karabara;Karabara

####;2264;2264 - Hombori;Hombori

## Horn of Africa
### Ajuuran

####;2776;2776 - Afgooye;Afgooye

####;2780;2780 - Beledweyne;Beledweyne

####;2781;2781 - Gedo;Gedo

####;2785;2785 - El Buur;El Buur

### Kaffa

####;2757;2757 - Kaffa;Kaffa

####;2758;2758 - Illubabor;Illubabor

####;2759;2759 - Gambela;Gambela

####;2762;2762 - Damot;Damot

####;2763;2763 - Asosa;Asosa

### Central Ethiopia

####;1213;1213 - Shoa;Shewa

####;1214;1214 - Awsa;Wollo

####;1223;1223 - Gojjam;Gojjam

####;1224;1224 - Gonder;Gonder

####;2768;2768 - Angot;Angot

####;2769;2769 - Lasta;Lasta

####;2770;2770 - Agew;Agew

####;2772;2772 - Dembiya;Dembiya

####;2791;2791 - Ankober;Ankober

### Ifat

####;1208;1208 - Degehabur;Degehabur

####;1210;1210 - Ifat;Dawaro

####;1211;1211 - Harer;Harer

####;1212;1212 - Zeila;Zeila

####;1215;1215 - Tajura;Tajura

####;2761;2761 - Arsi;Arsi

####;2764;2764 - Aussa;Ausa

####;2773;2773 - Mora;Mora

####;2793;2793 - Hargeisa;Hargeisa

### Tigray

####;1227;1227 - Tigre;Aksum

####;2766;2766 - Mendefera;Mendefera

####;2767;2767 - Enderta;Enderta

####;2771;2771 - Semien;Semien

### Somaliland

####;1209;1209 - Berbera;Berbera

####;2786;2786 - Bosaso;Bosaso

####;2789;2789 - Las Khorey;Las Khorey

####;2792;2792 - Togdheer;Togdheer

####;2790;2790 - Sanaag;Sanaag

### Ogaden

####;1207;1207 - Ogaden;Ogaden

####;2778;2778 - Werder;Werder

####;2779;2779 - Afder;Afder

### Hadiya

####;1218;1218 - Kefa;Sidamo

####;2756;2756 - Welayta;Welayta

####;2760;2760 - Hadiya;Hadiya

### Majarteen

####;1206;1206 - Qardho;Qardho

####;2024;2024 - Ajuuran;Garoowe

####;2783;2783 - Hobyo;Hobyo

####;2784;2784 - Galkayo;Galkayo

####;2788;2788 - Hafun;Hafun

### Mogadishu

####;1205;1205 - Mogadishu;Mogadishu

####;2775;2775 - Merca;Merca

####;2782;2782 - Warsheikh;Warsheikh

####;2794;2794 - Barawa;Barawa

####;2795;2795 - Meregh;Meregh

### Red Sea Coast

####;1230;1230 - Massawa;Massawa

####;1232;1232 - Suakin;Suakin

####;2324;2324 - Halaib;Halaib

####;2765;2765 - Assab;Assab

####;2787;2787 - Hamasien;Hamasien

### Upper Nubia

####;1217;1217 - Fazughli;Fazughli

####;1222;1222 - Gezira;Gezira

####;1226;1226 - Taka;Beja

####;2799;2799 - Sennar;Sennar

####;1225;1225 - Butana;Butana

####;2797;2797 - Shendy;Shendy

####;2798;2798 - Soba;Soba

####;4033;4033 - Al Qadirif;Al Qadarif

## East Africa
### Northern Swahili Coast

####;1200;1200 - Tanga;Tanga

####;1202;1202 - Mombasa;Mombasa

####;1203;1203 - Malindi;Malindi

####;1204;1204 - Lamu;Lamu

####;2774;2774 - Kismayo;Kismayo

####;2796;2796 - Pate;Pate

### Central Swahili Coast

####;1196;1196 - Kilwa;Kilwa

####;1197;1197 - Mzizima;Mzizima

####;1198;1198 - Lindi;Lindi

####;1199;1199 - Bagamoyo;Bagamoyo

####;1201;1201 - Zanzibar;Zanzibar

### Mozambique

####;788;788 - Angoche;Angoche

####;1195;1195 - Mozambique;Mozambique

####;4020;4020 - Comoros;Comoros

####;4049;4049 - Ibo;Ibo

### Lower Zambezi

####;1187;1187 - Sena;Sena

####;1189;1189 - Shangwe;Shangwe

####;1190;1190 - Zumbo;Zumbo

####;1191;1191 - Tete;Tete

### Upper Zambezi

####;4038;4038 - Lolo;Lolo

####;4039;4039 - Lundu;Lundu

####;4040;4040 - Kalonga;Kalonga

####;4046;4046 - Lala;Lala

####;4047;4047 - Nsenga;Nsenga

####;4050;4050 - Luangwa;Luangwa

### Ruvuma

####;4036;4036 - Wayao;Wayao

####;4037;4037 - Katsekera;Katsekera

####;4043;4043 - Phangwa;Phangwa

####;4042;4042 - Makonde;Makonde

### Ngonde

####;4041;4041 - Kinga;Kinga

####;4044;4044 - Ngonde;Ngonde

####;4045;4045 - Tumbuka;Tumbuka

### Mascarenes

####;1100;1100 - Mahe;Mahe

####;1102;1102 - Mauritius;Mauritius

####;1103;1103 - Bourbon;Île Bourbon

### Madagascar Highlands

####;1792;1792 - Antananarivo;Merina

####;4023;4023 - Tsimihety;Tsimihety

####;4027;4027 - Betsileo;Betsileo

### Betsimasaraka

####;4021;4021 - Antankara;Antankara

####;4024;4024 - Maroantsetra;Maroantsetra

####;4025;4025 - Vatomandry;Vatomandry

### Sakalava

####;1193;1193 - Menabe;Menabe

####;1194;1194 - Boina;Besalampy

####;4022;4022 - Iboina;Iboina

####;4031;4031 - Antsalova;Antsalova

####;4032;4032 - Fiherana;Fiherana

### Southern Madagascar

####;4026;4026 - Antemoro;Antemoro

####;4028;4028 - Mahafaly;Mahafaly

####;4029;4029 - Antanosy;Antanosy

####;4030;4030 - Bara;Bara

### Makuana

####;4034;4034 - Makua;Makua

####;4035;4035 - Ngindo;Ngindo

####;4048;4048 - Lomwe;Lomwe

### Jubba

####;2777;2777 - Bardera;Bardera

####;4051;4051 - Ewaso Ngiro;Ewaso Ngiro

####;4052;4052 - Dawa;Dawa

## Kongo
### Kongolese Coast

####;1166;1166 - Loango;Loango

####;1168;1168 - Kisarna;Mbamba

####;4078;4078 - Mayumba;Mayumba

####;4079;4079 - Ngoyo;Ngoyo

####;4080;4080 - Soyo;Soyo

### Kongo

####;798;798 - Nsoyo;Mbwila

####;1169;1169 - Mayombe;Anziku

####;1170;1170 - Kongo;Mpemba

####;1901;1901 - Lake Volta;Mpangu

####;2949;2949 - Mbata;Mbata

### Angola

####;1167;1167 - Luanda;Luanda

####;1171;1171 - Ndongo;Ndongo

####;1172;1172 - Benguela;Benguela

####;1174;1174 - Angra Pequana;Angra Pequena

### Matamba

####;2948;2948 - Matamba;Matamba

####;4082;4082 - Kasanje;Kasanje

####;4084;4084 - Malem;Malem

### Lower Kasai

####;4081;4081 - Tyo;Songo

####;4085;4085 - Yaka;Yaka

####;4086;4086 - Nunu;Nunu

####;4088;4088 - Munene;Munene

### Kasai

####;4083;4083 - Shinje;Shinje

####;4087;4087 - Kumbana;Kumbana

####;4091;4091 - Mpasu;Mpasu

####;4092;4092 - Rund;Rund

####;4093;4093 - Lwena;Lwena

## South Africa
### South African Plateau

####;1175;1175 - Lesser Namaqualand;Lesser Namaqualand

####;1176;1176 - Roggeveld;Roggeveld

####;1178;1178 - Great Karoo;Great Karoo

####;2856;2856 - Highveld;Highveld

####;2880;2880 - Griqualand;Griqualand

####;2864;2864 - Senqu;Senqu

### Cape of Good Hope

####;833;833 - GraaffReinet;Graaff-Reinet

####;1177;1177 - Cape;Cape

####;1179;1179 - Little Karoo;Swellendam

####;1180;1180 - Transkei;Xhosa

####;1181;1181 - Natal;Natal

### Zimbabwe

####;1184;1184 - Zimbabwe;Zimbabwe

####;1185;1185 - Buha;Butua

####;1188;1188 - Masapa;Massapa

####;2950;2950 - Buhera;Buhera

####;2951;2951 - Manikya;Manikya

####;2952;2952 - Madanda;Madanda

### Quelimane

####;789;789 - Mtetwa;Mtetwa

####;1182;1182 - Delagoa Bay;Matsolo

####;1183;1183 - Inhambane;Inhambane

####;1186;1186 - Sofala;Sofala

####;1192;1192 - Quelimane;Quelimane

####;1800;1800 - Limpopo;Limpopo

## Maghreb
### Fezzan

####;2448;2448 - Fezzan;Fezzan

####;2449;2449 - Jufra;Jufra

####;2474;2474 - Tajhari;Tajhari

### Tunisia

####;341;341 - Tunis;Tunis

####;353;353 - Gabes;Tataouine

####;2453;2453 - Sfax;Sfax

####;2454;2454 - Kairouan;Kef

####;2455;2455 - Bizerte;Bizerte

####;2473;2473 - Souss;Sousse

####;2954;2954 - Djerba;Djerba

### Kabylia

####;339;339 - Bejaia;Kabylia

####;340;340 - Constantine;Constantine

####;351;351 - Biskra;Aures

####;1882;1882 - Bone;Annaba

####;2458;2458 - Kabylia;Hodna

### Algiers

####;336;336 - Tlemcen;Tlemcen

####;337;337 - Oran;Oran

####;338;338 - Al-Djazair;Mitidja

####;2459;2459 - Titteri;Titteri

####;2461;2461 - Dahra;Dahra

####;2462;2462 - Ouarsenis;Ouarsenis

####;2463;2463 - Maaskar;Kasdir

### North Sahara

####;350;350 - Aures;Laghouat

####;352;352 - Gafsa;Gafsa

####;2450;2450 - Ghadames;Ghadames

####;2456;2456 - Touggourt;Touggourt

####;2457;2457 - Mzab;Mzab

####;2472;2472 - Ouargla;Ouargla

### Tafilalt

####;346;346 - Figuig;Tafilalt

####;2460;2460 - Saoura;Saoura

####;2466;2466 - Draa;Draa

### Sus

####;347;347 - Ifni;Ifni

####;348;348 - Sus;Sus

####;1110;1110 - Rio de Oro;Agadir

####;2464;2464 - Ouarzazate;Ouarzazate

### Marrekesh

####;344;344 - Marrakech;Marrakech

####;345;345 - Safi;Abda

####;2468;2468 - Tadla;Tadla

####;2469;2469 - Dukkala;Dukkala

####;2470;2470 - Haha;Haha

### Fez

####;335;335 - Mellila;Melilla

####;343;343 - Fez;Fez

####;349;349 - Atlas;Figuig

####;2465;2465 - Oudja;Oujda

####;2467;2467 - Meknes;Meknes

### North Morocco

####;334;334 - Tangiers;Tangiers

####;342;342 - Toubkhal;Gharb

####;1751;1751 - Ceuta;Ceuta

### Tripolitania

####;355;355 - Sirt;Sirt

####;2451;2451 - Thubaqt;Thubaqt

####;354;354 - Tripolitania;Tripoli

####;2452;2452 - Zuwarah;Zuwarah

## Egypt
### Libyan Desert

####;1233;1233 - Kharga;Kharga

####;2318;2318 - Al Wahat;Al Wahat

####;2325;2325 - Tarrana;Tarrana

### Gharbia

####;358;358 - Alexandria;Alexandria

####;362;362 - Rosetta;Rosetta

####;2316;2316 - Al Gharbia;Al Gharbia

### Sharqiya

####;363;363 - Damietta;Damietta

####;365;365 - Sinai;Sinai

####;2315;2315 - Suez;Suez

### Central Egypt

####;359;359 - Faiyum;Faiyum

####;361;361 - Cairo;Cairo

####;2317;2317 - Minya;Minya

####;2319;2319 - Asyut;Asyut

####;2320;2320 - Ras Gharib;Ras Gharib

### Upper Egypt

####;360;360 - Qena;Qena

####;1231;1231 - Aswan;Aswan

####;2321;2321 - Queseer;Queseer

### Lower Nubia

####;1220;1220 - Dar Jaal;Bayuda

####;1228;1228 - Dongola;Dongola

####;1229;1229 - Berber;Berber

####;1234;1234 - Qasr Ibrim;Qasr Ibrim

####;2322;2322 - Wadi Halfa;Wadi Halfa

####;2323;2323 - Sahra an Nubyah;Sahra an Nübyah

### Cyrenaica

####;356;356 - Benghazi;Benghazi

####;357;357 - Darnah;Darnah

####;2326;2326 - Bardiyah;Bardiyah

# South America
## Brazil
### Rio Grande do Sul

####;2857;2857 - Rio Grande do Sul;Rio Grande do Sul

####;2879;2879 - Santa Tecla;Santa Tecla

####;2884;2884 - Povos das Missoes;Povos das Missoes

####;2887;2887 - Santa Catarina;Santa Catarina

### Minas Gerais

####;759;759 - Diamentina;Diamantina

####;765;765 - Minas Gerais;Minas Gerais

####;2891;2891 - Santa Ana das Minas;Santo Antonio da Manga

####;2892;2892 - Araxas;Araxas

####;2894;2894 - Sao Joao del Rei;Sao Joao del Rei

####;2898;2898 - Serro;Serro

####;2899;2899 - Vila Rica;Vila Rica

### Goias

####;758;758 - Goias;Goias

####;2906;2906 - Ipora;Ipora

####;2907;2907 - Vila Boa;Vila Boa

####;2908;2908 - Arrial dos Couros;Arrial dos Couros

####;2909;2909 - Conceicao;Conceicao

####;2910;2910 - Pontal;Pontal

####;2911;2911 - Natividad;Natividad

####;2919;2919 - Luziana;Luziana

### Mato Grosso

####;2881;2881 - Corumba;Corumba

####;2888;2888 - Cuiaba;Cuiaba

####;2893;2893 - Ofaie;Ofaie

####;2903;2903 - Caceres;Caceres

####;2904;2904 - Diamantino;Diamantino

####;2905;2905 - Rio Das Mortes;Rio Das Mortes

####;2920;2920 - Coxim;Coxim

### Guapore

####;2900;2900 - Guapore;Guapore

####;2901;2901 - Cerejeiras;Cerejeiras

####;2902;2902 - Vila Bela;Vila Bela

### Sao Paulo

####;766;766 - Sao Vicente;Sao Vicente

####;768;768 - Guayra;Guayra

####;769;769 - Curitiba;Curitiba

####;2895;2895 - Castro;Castro

####;2896;2896 - Campinas;Campinas

####;2897;2897 - Araraquara;Araraquara

### Rio de Janeiro

####;762;762 - Sao Tome;Sao Tome

####;763;763 - Rio de Janeiro;Rio de Janeiro

####;764;764 - Santo Amaro;Santo Amaro

### Bahia

####;756;756 - Bahia;Bahia

####;757;757 - Ilheus;Ilheus

####;760;760 - Porto Seguro;Porto Seguro

####;761;761 - Espirito Santo;Espirito Santo

####;2914;2914 - Inhambupe;Inhambupe

####;2916;2916 - Rio Contas;Rio Contas

### Pernambuco

####;750;750 - Alpercatas;Crato

####;751;751 - Ceara;Ceara

####;753;753 - Rio Grande;Rio Grande

####;754;754 - Itamaraca;Paraiba

####;755;755 - Pernambuco;Pernambuco

####;2912;2912 - Sergpipe;Sergipe

####;2921;2921 - Alagoas;Alagoas

####;2922;2922 - Borborema;Borborema

### Sao Francisco

####;2885;2885 - Barra;Barra

####;2913;2913 - Jeremoabo;Jeremoabo

####;2915;2915 - Pambu;Pambu

####;2917;2917 - Paratinga;Paratinga

####;2918;2918 - Campo Largo;Campo Largo

### Maranhao

####;749;749 - Maranhao;Maranhao

####;752;752 - Oeiras;Oeiras

####;2886;2886 - Parnaiba;Parnaiba

####;2923;2923 - Pastos Bons;Pastos Bons

####;2924;2924 - Timon;Timon

####;2925;2925 - Parnagua;Parnagua

####;2926;2926 - Grajau;Grajau

####;2927;2927 - Alcantara;Alcantara

### Grao Para

####;747;747 - Tucujulandia;Amapa

####;748;748 - Grao Para;Belem

####;2890;2890 - Marajo;Marajó

####;2928;2928 - Tucurui;Tucurui

####;2929;2929 - Para;Para

####;2935;2935 - Muturu;Muturu

####;2938;2938 - Oiapoque;Oiapoque

### Amazon

####;2889;2889 - Rio Branco;Rio Branco

####;2930;2930 - Santarem;Santarem

####;2933;2933 - Faro;Barcelos

####;2934;2934 - Manaus;Manaus

## La Plata
### Patagonia

####;780;780 - Tehuelmapu;Candelaria

####;781;781 - Patagonia Oriental;Puerto Deseado

####;782;782 - Tierra del Fuego;Tierra del Fuego

####;786;786 - Salinas Grande;Carmen

####;2863;2863 - Rio Negro;Rio Negro

####;2868;2868 - Pambu;San Antonio

####;2869;2869 - Florida Blanca;Florida Blanca

####;2870;2870 - Tehuelmapu;Tehuelmapu

####;2875;2875 - Borborema;Chubut

####;2876;2876 - Teush;Teush

### Cuyo

####;785;785 - Pehuenmapu;Pehuenmapu

####;2843;2843 - La Rioja;La Rioja

####;2844;2844 - Chepes;Chepes

####;2845;2845 - San Juan;San Juan

####;2847;2847 - San Luis;San Luis

####;2867;2867 - Inhambupe;Chanar

####;2871;2871 - Poya;Poya

####;2872;2872 - Chiquiyami;Chiquiyami

####;2877;2877 - Mendoza;Mendoza

### Southern Pampas

####;779;779 - Serranos;Tandil

####;2860;2860 - Querandi;Querandi

####;2861;2861 - Sauce;Sauce

####;2865;2865 - Sergpipe;Puelches

####;2866;2866 - Jeremoabo;Olavarria

### Buenos Aires

####;777;777 - Parana;Corrientes

####;778;778 - Rio de la Plata;Rio de la Plata

####;2846;2846 - Quisquisacate;Quisquisacate

####;2848;2848 - Santa Fe;Santa Fe

####;2849;2849 - Rosario;Rosario

####;2853;2853 - Yareyu;Yareyu

####;2855;2855 - Misiones;Misiones

####;2858;2858 - Santiago;Santiago

####;2859;2859 - Itapua;Itapúa

### Banda Oriental

####;772;772 - Paysandu;Uruguay

####;773;773 - Banda Oriente;Banda Oriental

####;2850;2850 - Montevideo;Montevideo

####;2851;2851 - Colonia;Colonia

####;2852;2852 - Salto;Salto

### South Atlantic Islands

####;1095;1095 - Falklands;Falklands

####;1098;1098 - St. Helena;St. Helena

####;2025;2025 - South Georgia;South Georgia

### Southern Chile

####;783;783 - Patagonia Occidental;Kawesqar

####;2873;2873 - Chiloe;Chiloe

####;2874;2874 - Alegoas;Aysen

### Central Chile

####;784;784 - Huillimapu;Huillimapu

####;787;787 - Pincunmapu;Picunmapu

####;2862;2862 - Coquimbo;Coquimbo

## Colombia
### Upper Guyana

####;742;742 - Guayana;Angostura

####;2804;2804 - Guasipati;Guasipati

####;2811;2811 - Atabapo;Atabapo

####;2931;2931 - Alenquer;Pirara

### Guyana

####;743;743 - Essequibo;Essequibo

####;744;744 - Demerara;Demerara

####;745;745 - Suriname;Paramaribo

####;746;746 - Cayenne;Cayenne

####;2803;2803 - Delta;Orinoco Delta

####;2937;2937 - Suriname;Suriname

### Venezuela

####;491;491 - Curacao;Curacao

####;741;741 - Cumana;Cumana

####;830;830 - Maracaibo;Maracaibo

####;831;831 - Caracas;Caracas

####;2807;2807 - Altagracia;Altagracia

####;2808;2808 - Coro;Coro/Neu-Augsburg

####;2813;2813 - Merida;Merida

### Eastern Llanos

####;834;834 - Barinas;Barinas

####;2805;2805 - Uyapari;Uyapari

####;2809;2809 - Llanos;Llanos

####;2810;2810 - Apure;Apure

####;2939;2939 - Zaraza;Zaraza

### Western Llanos

####;2812;2812 - Pore;Pore

####;2814;2814 - Meta;Meta

####;2815;2815 - Puerto Carreno;Puerto Carreno

### Coquivacoa

####;828;828 - Cartagena;Cartagena

####;829;829 - Magdalena;Magdalena

####;2806;2806 - Guajira;Guajira

### Bogota

####;824;824 - Mariquita;Mariquita

####;825;825 - Bogota;Bogota

####;827;827 - Antioquia;Antioquía

####;832;832 - Chiancon;Tunja

####;2817;2817 - Neiva;Neiva

### Popayan

####;822;822 - Caqueta;Caqueta

####;823;823 - Cauca;Cauca

####;2818;2818 - Popayan;Popayan

####;2816;2816 - Guavire;Guaviare

### Panama

####;826;826 - Choco;Choco

####;835;835 - Panama;Panama

####;836;836 - Chorotega;Chorotega

####;2663;2663 - Nicoya;Nicoya

####;2664;2664 - Veraguas;Veraguas

####;2819;2819 - Darien;Darien

## Peru
### Kuntisuyu

####;805;805 - Arequipa;Arequipa

####;806;806 - Nazca;Nazca

####;807;807 - Huamanga;Abancay

####;808;808 - Cuzco;Cuzco

####;2828;2828 - Camana;Camana

####;2829;2829 - Ayaviri;Ayaviri

####;2830;2830 - Quero;Quero

### Chimor

####;812;812 - Chanchan;Chanchan

####;2821;2821 - Piwra;Piwra

####;2822;2822 - Tucume;Tucume

####;2826;2826 - Chimbote;Chimbote

### Ucayali

####;2823;2823 - Moyobamba;Moyobamba

####;2944;2944 - Ucayali;Ucayali

####;2945;2945 - Yurimaguas;Yurimaguas

### Cajamarca

####;813;813 - Cajamarca;Cajamarca

####;2824;2824 - Wankapampa;Wankapampa

####;2825;2825 - Pisqupampa;Pisqupampa

####;2943;2943 - Chachapoyas;Chachapoyas

### Huanuco

####;809;809 - Lima;Lima

####;810;810 - Huancavelica;Huancavelica

####;811;811 - Tarma;Jauja

####;814;814 - Huanuco;Huanuco

####;2827;2827 - Huaraz;Huaraz

### Antisuyu

####;802;802 - Chuquiabo;Chuquiabo

####;804;804 - Puno;Puno

####;2831;2831 - Tiahuanaco;Tiahuanaco

####;2947;2947 - Macaya;Macaya

### Quito

####;815;815 - Maynas;Iquitos

####;816;816 - Tumbes;Tumbes

####;817;817 - Cuenca;Canari

####;818;818 - Canelos;Canelos

####;819;819 - Guayaquil;Guayaquil

####;820;820 - Quito;Quito

####;821;821 - Quijos;Quijos

####;2002;2002 - Galapagos Islands;Galápagos Islands

####;2820;2820 - Esmeraldas;Esmeraldas

## Upper Peru
### Beni

####;800;800 - Chiquitos;Chiquitos

####;801;801 - Caranga;Cochabamba

####;803;803 - Moxos;Moxos

####;2832;2832 - Exaltacion;San Joaquin

####;2833;2833 - Madre de Dios;Madre de Dios

####;2834;2834 - Santa Cruz de la Sierra;Santa Cruz de la Sierra

### Upper Peru

####;795;795 - Potosi;Potosi

####;797;797 - Caracara;Oruro

####;2835;2835 - Sucre;Sucre

####;2838;2838 - Tarija;Tarija

####;2940;2940 - Chichas;Chichas

####;2941;2941 - Choquechaca;Choquechaca

####;2942;2942 - Charcas;Charcas

####;2946;2946 - Quillacas;Quillacas

### Tucuman

####;791;791 - Catamarca;Catamarca

####;794;794 - Jujuy;Jujuy

####;2836;2836 - Tucuman;Tucuman

####;2837;2837 - Santa Catalina;Santa Catalina

####;2839;2839 - Puna de Atacama;Puna de Atacama

####;2842;2842 - Santiago del Estero;Santiago del Estero

### Chaco

####;790;790 - Chaco Austral;Chaco Austral

####;2854;2854 - Chaco Central;Chaco Central

####;2878;2878 - Matara;Matara

### Paraguay

####;775;775 - Xeres;Asuncion

####;776;776 - Itenines;Concepcion

####;799;799 - Chaco Boreal;Chaco Boreal

####;2882;2882 - Fuerte Borbon;Fuerte Borbon

####;2883;2883 - Melodia;Melodia

### Northern Chile

####;792;792 - Copiapo;Copiapo

####;793;793 - Atacama;Iquique

####;796;796 - Arica;Arica

####;2840;2840 - Calama;Calama

####;2841;2841 - Antofagasta;Antofagasta

# North America
## Hudson Bay
### James Bay

####;998;998 - Ungava;Qikirmiut

####;999;999 - Nunavik;Cisasipi

####;1000;1000 - Cree;Cree

####;1002;1002 - Abitbi;Abitibi

####;1003;1003 - Moose Cree;Mosoni

####;1004;1004 - Attawapiskat;Attawapiskat

####;2588;2588 - Piscatang;Piscatang

####;2589;2589 - Kesagami;Kesagami

####;2590;2590 - Shaggami;Shaggami

####;2591;2591 - Outoulibi;Outoulibi

### Hudson Bay

####;1005;1005 - Swampy Cree;Muskegon

####;1006;1006 - Chipewyan;Chipewyan

####;1009;1009 - Atikaki;Atikaki

####;2592;2592 - Omushkego;Omushkego

####;2594;2594 - Quenebigon;Quennebigon

### Red River

####;1008;1008 - Winnipeg;Winnipeg

####;1010;1010 - Manitoba;Manitoba

####;2016;2016 - Bungi;Bungi

####;2511;2511 - Itscheabine;Itscheabine

####;2593;2593 - Wappus;Wappus

### Saskatchewan

####;1011;1011 - Woods Cree;Kinougeoulini

####;1813;1813 - Saskatchewan;Saskatchewan

####;2017;2017 - Nehiyawewin;Nehiyawewin

####;2596;2596 - Mahmikiwiniyak;Mahmikiwiniyak

####;2597;2597 - Sipiwininiwak;Sipiwininiwak

### Prairies

####;2004;2004 - Niitsitapi;Niitsitapi

####;2005;2005 - Asinaan;Asinaan

####;2018;2018 - Tsuutina;Tsuu Tina

####;2598;2598 - Hebina;Hebina

####;2602;2602 - Siksikawa;Siksikawa

### Athabasca

####;2595;2595 - Kesyehotinne;Kesyehotinne

####;2599;2599 - Athabasca;Athabasca

####;2600;2600 - Nihithawak;Nihithawak

####;2601;2601 - Danezaa;Danezaa

####;2603;2603 - Sekani;Sekani

## Cascadia
### Oregon

####;872;872 - Kalapuya;Siuslaw

####;2481;2481 - Klamath;Klamath

####;2482;2482 - Kalapuya;Kalapuya

####;2483;2483 - Umatilla;Umatilla

### Columbia River

####;873;873 - Chinook;Chinook

####;2003;2003 - Ktunaxa;Ktunaxa

####;2486;2486- Yakima;Yakima

####;2487;2487 - Spokane;Spokane

####;2488;2488 - Palus;Palus

### Snake River

####;2019;2019 - Nimiipu;Nimiipu

####;2020;2020 - Bannock;Bannock

####;2489;2489 - Bohogue;Bohogue

####;2490;2490 - Goshute;Goshute

### Salish Sea

####;874;874 - Salish;Salish

####;2484;2484 - Quileute;Quileute

####;2485;2485 - Chehalis;Chehalis

####;972;972 - Nootka;Nootka

####;973;973 - Squamish;Squamish

####;2610;2610 - Heiltsuk;Heiltsuk

### Interior Plateau

####;2604;2604 - Dakelh;Dakelh

####;2605;2605 - Secwepemc;Secwepemc

####;2606;2606 - Tsilhoqotin;Tsilhoqotin

####;2607;2607 - Okanagan;Okanagan

### Hecate Strait

####;974;974 - Kwakiutl;Kwakiutl

####;975;975 - Tsimshian;Tsimshian

####;2022;2022 - Haida;Haida

####;2609;2609 - Nisga'a;Nisga'a

### Alaska

####;976;976 - Tlingit;Tlingit

####;977;977 - Yakutat;Yakutat

####;978;978 - Alaska;Kenai

####;979;979 - Aleut;Aleut

####;2611;2611 - Kodiak;Kodiak

####;2612;2612 - Eyak;Eyak

####;2613;2613 - Sitka;Sitka

## California
### California

####;868;868 - Chumash;Chumash

####;871;871 - Pomo;Pomo

####;869;869 - Salinan;Salinan

####;2021;2021 - Miwok;Miwok

####;2476;2476 - Kumeyaay;Kumeyaay

####;2477;2477 - Yuki;Yuki

### Baja California

####;865;865 - Cochimi;Cochimi

####;866;866 - Guaycura;Guaycura

####;2620;2620 - Nakipa;Nakipa

### Arizona

####;867;867 - Mojave;Cahuilla

####;876;876 - Yavapai;Yavapai

####;877;877 - Pima;Pima

####;879;879 - Apache;Apache

####;2491;2491 - Hualapai;Hualapai

### Colorado Plateau

####;875;875 - Canyon;Paiute

####;878;878 - Navajo;Navajo

####;2493;2493 - Hopi;Hopi

####;2494;2494 - Zuni;Zuni

### New Mexico

####;880;880 - Pueblo;Pueblo

####;881;881 - Piro;Piro

####;2492;2492 - Chiricahua;Chiricahua

####;2495;2495 - Acoma;Acoma

### Central Valley

####;870;870 - Yorkuts;Yokuts

####;2478;2478 - Tachi;Tachi

####;2479;2479 - Maidu;Maidu

####;2480;2480 - Shasta;Shasta

## Great Plains
### Lower Plains

####;890;890 - Kiowa;Kiowa

####;891;891 - Jicarilla;Naisha

####;892;892 - Wichita;Wichita

####;898;898 - Kansas;Kansas

####;901;901 - Pawnee;Pawnee

####;903;903 - Omaha;Omaha

####;2508;2508 - Skiri;Skiri

####;2672;2672 - Kitkehaki;Kitkehaki

### High Plains

####;889;889 - Arapaho;Arapaho

####;2506;2506 - Kuccuntikka;Kuccuntikka

####;2507;2507 - Baachinena;Baachinena

####;2625;2625 - Hinonoeino;Hinonoeino

### Dakota

####;904;904 - Nakota;Wahpeton

####;905;905 - Iowa;Iowa

####;906;906 - Lakota;Yanktonai

####;907;907 - Dakota;Yankton

####;908;908 - Minnesota;Sisseton

####;909;909 - Mandan;Mandan

####;2007;2007 - Arikara;Arikara

####;2512;2512 - Wahpekute;Wahpekute

### Upper Missouri

####;2006;2006 - Apsaalooke;Apsáalooke

####;2501;2501 - Piegan;Piegan

####;2502;2502 - Haaninin;Haaninin

####;2503;2503 - Ashshipite;Ashshipite

####;2510;2510 - Mandan;Hidatsa

### Badlands

####;1809;1809 - Cheyenne;Só'taeo'o

####;2008;2008 - Yankton;Lakota

####;2009;2009 - Teton;Oglala

####;2504;2504 - Eelalapito;Eeelalapito

####;2505;2505 - Tsitsistas;Tsisistas

### Llano Estacado

####;882;882 - Mescalero;Mescalero

####;885;885 - Comanche;Teyas

####;886;886 - Waco;Waco

####;2496;2496 - Jicarilla;Jicarilla

####;2497;2497 - Lipiyanes;Lipiyanes

####;2500;2500 - Querecho;Querecho

## Mississippi
### Lower Louisiana

####;893;893 - Chitimacha;Chitimacha

####;894;894 - Caddo;Caddo

####;895;895 - Arkansas;Arkansas

####;897;897 - Quapaw;Quapaw

####;2014;2014 - Natchitoches;Natchitoches

####;2516;2516 - Adai;Adai

### West Florida

####;921;921 - Bayougoula;Bayougoula

####;922;922 - Mobile;Mobile

####;923;923 - Pensacola;Pensacola

####;2530;2530 - Biloxi;Biloxi

####;2533;2533 - Chatot;Chatot

### Ozarks

####;896;896 - Ozark;Yscani

####;899;899 - Osage;Pahatsi

####;2509;2509 - Utsehta;Utsetha

####;2515;2515 - Satuskhdin;Satuskhdin

### Upper Louisiana

####;900;900 - Tamaroa;Tamaroa

####;902;902 - Missouri;Missouri

####;2513;2513 - Moingwena;Moingwena

####;2514;2514 - Michigamea;Michigamea

### Alabama

####;924;924 - Alabama;Alabama

####;925;925 - Tuskegee;Tuskegee

####;2531;2531 - Napochi;Napochi

####;2532;2532 - Tohome;Tohome

### Kentucky

####;934;934 - Shawnee;Yuchi

####;940;940 - Kentucky;Kentucky

####;941;941 - Cumberland;Chisca

####;2526;2526 - Shatteras;Shatteras

### Appalachia

####;931;931 - Chiaha;Coosa

####;935;935 - Cherokee;Cherokee

####;936;936 - Cheraw;Cheraw

####;951;951 - Kanawha;Kanawha

####;2527;2527 - Chickamauga;Chickamauga

####;2548;2548 - Tutelo;Tutelo

####;2551;2551 - Monongahela;Monongahela

### Mississippi

####;918;918 - Tennessee;Tennessee

####;919;919 - Chickasaw;Chickasaw

####;920;920 - Choctaw;Choctaw

####;939;939 - Pennyrile;Kaskinampo

####;2528;2528 - Yazoo;Yazoo

####;2529;2529 - Natchez;Natchez

## Southeast
### Chesapeake

####;950;950 - Powhatan;Chesapeake

####;952;952 - Powhatan;Powhatan

####;953;953 - Conoy;Conoy

####;2550;2550 - Doeg;Doeg

####;2554;2554 - Nanticoke;Nanticoke

### Great Valley

####;949;949 - Monacan;Monacan

####;2011;2011 - Shenandoah;Shenandoah

####;2552;2552 - Manahoac;Manahoac

####;2553;2553 - Potomac;Potomac

####;2544;2544 - Yadkin;Yadkin

### Piedmont

####;933;933 - Catawba;Catawba

####;937;937 - Tuscarora;Tuscarora

####;2541;2541 - Saluda;Saluda

####;2545;2545 - Waxhaw;Waxhaw

####;2549;2549 - Moratok;Moratok

### Georgia

####;929;929 - Muskogee;Guale

####;930;930 - Yamasee;Muskogee

####;2537;2537 - Hitchiti;Hitchiti

####;2538;2538 - Yamasee;Yamasee

####;2539;2539 - Mocama;Mocama

####;2540;2540 - Coweta;Coweta

### Florida

####;926;926 - Seminole;Ais

####;927;927 - Timucua;Timucua

####;928;928 - Apalachee;Apalachee

####;2534;2534 - Yustaga;Yustaga

####;2535;2535 - Calusa;Calusa

####;2536;2536 - Mayaimi;Mayaimi

### Carolinas

####;932;932 - Santee;Santee

####;938;938 - Pamlico;Pamlico

####;2542;2542 - Cusabo;Cusabo

####;2543;2543 - Waccamaw;Waccamaw

####;2546;2546 - Chicora;Chicora

####;2547;2547 - Roanoke;Roanoke

## Northeast
### Great Woods

####;969;969 - Pocumtuk;Pocumtuk

####;971;971 - Abnaki;Penobscott

####;2563;2563 - Missiquoi;Missisquoi

####;2564;2564 - Sokoki;Sokoki

####;2565;2565 - Kennebec;Kennebec

####;2566;2566 - Passamaquoddy;Passamaquoddy

####;2567;2567 - Aroostook;Aroostook

### Massachusetts Bay

####;968;968 - Massachusetts;Massachusetts

####;970;970 - Pennacook;Merrimack

####;2013;2013 - Kennebec;Androscoggin

####;2561;2561 - Wampanoag;Wampanoag

### Connecticut Valley

####;966;966 - Nipmuc;Nipmuc

####;967;967 - Narraganset;Narraganset

####;2010;2010 - Connecticut;Connecticut

####;2560;2560 - Quinnipiac;Quinnipiac

####;2562;2562 - Pennacook;Pennacook

### Hudson Valley

####;963;963 - Mahican;Mahican

####;965;965 - Manhattan;Manhattan

####;2558;2558 - Espachomy;Espachomy

####;2639;2639 - Raritan;Raritan

### Delaware Valley

####;956;956 - Lenape;Lenape

####;957;957 - Delaware;Delaware

####;962;962 - Unami;Unami

####;2023;2023 - Munsee;Munsee

### Iroquoisia

####;954;954 - Allegheny;Allegheny

####;958;958 - Seneca;Seneca

####;959;959 - Cayuga;Cayuga

####;960;960 - Onondaga;Onondaga

####;961;961 - Oneida;Oneida

####;964;964 - Mohawk;Mohawk

####;2559;2559 - Adirondack;Adirondack

### Susquehanna

####;955;955 - Susquehanna;Susquehanna

####;2555;2555 - Honniasont;Honniasont

####;2556;2556 - Juniata;Juniata

####;2557;2557 - Atrakwaye;Atrakwaye

## Great Lakes
### Ohio

####;943;943 - Miami;Miami

####;946;946 - Wyandot;Wyandot

####;947;947 - Erie;Erie

####;948;948 - Ohio;Ohio

####;2523;2523 - Piankeshaw;Piankeshaw

####;2524;2524 - Wabash;Wabash

####;2525;2525 - Chillicothe;Chillicothe

### Illinois

####;914;914 - Winnebago;Winnebago

####;915;915 - Illinois;Illinois

####;916;916 - Kaskaskia;Kaskaskia

####;917;917 - Cahokia;Cahokia

####;942;942 - Wea;Wea

####;2519;2519 - Kilatika;Kilatika

####;2520;2520 - Mengkonkia;Mengkonkia

### Michigan

####;944;944 - Potawatomi;Potawatomi

####;945;945 - Michigan;Michigan

####;2521;2521 - Okouara;Okouara

####;2522;2522 - Mascouten;Mascouten

### Lake Superior

####;910;910 - Chippewa;Makoua

####;911;911 - Menominee;Menominee

####;912;912 - Sauk;Sauk

####;913;913 - Fox;Mesquakie

####;2517;2517 - Mdewakanton;Mdewakanton

####;2518;2518 - Noquet;Noquet

## Canada
### Upper Acadia

####;983;983 - Epekwitk;Epekwitk

####;985;985 - Micmac;Mikmaq

####;2570;2570 - Wolystoq;Wolystoq

####;2571;2571 - Madawaska;Madawaska

####;2572;2572 - Siknikt;Siknikt

### Lower Acadia

####;982;982 - Unamakik;Unamakik

####;984;984 - Acadia;Sipeknekatik

####;2568;2568 - Kespukwitk;Kespukwitk

####;2569;2569 - Eskikewakik;Eskikewakik

### Newfoundland

####;980;980 - Beothuk;Beothuk

####;981;981 - Taqamkuk;Taqamkuk

####;2573;2573 - Placentia;Placentia

### Labrador

####;997;997 - Labrador;Chisedec

####;2574;2574 - Sikumiut;Sikumiut

####;2575;2575 - Naskapi;Naskapi

### Cote Nord

####;995;995 - Atiamekw;Tadoussac

####;996;996 - Innu;Innu

####;2576;2576 - Mingan;Mingan

####;2577;2577 - Manicouagan;Manicouagan

####;2578;2578 - Anticosti;Anticosti

### Notre Dame Mountains

####;986;986 - Kespek;Kespek

####;2012;2012 - Arsigantegok;Arsigantegok

####;2582;2582 - Maliseet;Maliseet

####;2583;2583 - Etchemins;Etchemins

### Lower Canada

####;990;990 - Kwedech;Maisouna

####;993;993 - Hochelega;Hochelega

####;994;994 - Stadacona;Stadacona

####;2584;2584 - Loup;Loup

### Upper Canada

####;987;987 - Niagara;Niagara

####;989;989 - Ontario;Ontario

####;2585;2585 - Kichesipi;Kichesipi

####;2670;2670 - Tkaronto;Tkaronto

### Laurentia

####;992;992 - Algonquin;Algonquin

####;2579;2579 - Piekougami;Piekougami

####;2580;2580 - Atikamekw;Atikamekw

####;2581;2581 - Timiskaming;Timiskaming

### Huronia

####;988;988 - Huron;Huron

####;2586;2586 - Tionontate;Tionontate

####;2587;2587 - Odawa;Odawa

####;2671;2671 - Mississage;Missisage/Ronde

### Upper Ontario

####;991;991 - Ottawa;Nipissing

####;1001;1001 - Sault;Soto

####;1007;1007 - Ojibwa;Ojibwa

####;2015;2015 - Nipigon;Nipigon

# Central America
## Central America
### Guatemala

####;841;841 - Guatemala;Guatemala

####;842;842 - Peten;Petén

####;843;843 - Belize;Belize

####;2636;2636 - Chacujal;Chacujal

####;2653;2653 - Iximche;Iximché

### Honduras

####;839;839 - Pipil;Pipil

####;840;840 - Honduras;Honduras

####;2637;2637 - Chortli;Chortli

####;2640;2640 - Lenca;Lenca

####;2662;2662 - Olancho;Olancho

### Nicaragua

####;837;837 - Nicaragua;Nicaragua

####;838;838 - Mosquito;Mosquito

####;2660;2660 - Managua;Managua

####;2661;2661 - Uluas;Uluas

### Yucatan

####;845;845 - Campeche;Campeche

####;846;846 - Yucatan;Sotuta

####;2633;2633 - Mani;Mani

####;2634;2634 - Uaymil;Uaymil

####;2650;2650 - Champutun;Champutun

####;2651;2651 - Ah Canul;Ah Canul

####;2652;2652 - Ecab;Ecab

### Chiapas

####;2632;2632 - Xicallanco;Xicallanco

####;2635;2635 - Chiapas;Chiapas

####;2638;2638 - Xoconochco;Xocnochco

####;2649;2649 - Tehuantepec;Tehuantepec

## Mexico
### Eastern Mexico

####;848;848 - Tohancapan;Tohancapan

####;2630;2630 - Tochtepec;Tochtepec

####;2631;2631 - Zaachila;Mixe

####;2641;2641 - Tziccoac;Tziccoac

####;2647;2647 - Cuetlaxtlan;Cuetlaxtlan

### Mexico

####;850;850 - Tlaxcala;Tlaxcala

####;852;852 - Mexico;Mexico

####;853;853 - Huastec;Huastec

####;2626;2626 - Tulucan;Tullucan

####;2628;2628 - Tepeacac;Tepeacac

####;2644;2644 - Cholula;Cholula

### Michoacan

####;851;851 - Tarasco;Zacatula

####;2622;2622 - Cuitzeo;Cuitzeo

####;2623;2623 - Cutzamala;Cutzamala

####;2624;2624 - Patzcuaro;Patzcuaro

####;2643;2643 - Apatzingan;Apatzingan

### Guerrero

####;849;849 - Tlapanec;Tlapanec

####;2627;2627 - Cihuatlan;Cihuatlan

####;2645;2645 - Teloloapan;Teloloapan

####;2648;2648 - Yopitzinco;Yopitzinco

### Oaxaca

####;844;844 - Zapotec;Zapotec

####;847;847 - Mixtec;Mixtec

####;2629;2629 - Coyolapan;Coyolapan

####;2646;2646 - Coixtlahuacan;Coixtlahuacan

### Texas

####;883;883 - Lipan;Lipan

####;884;884 - Karankawa;Karankawa

####;887;887 - Tonkawa;Tonkawa

####;888;888 - Atakapa;Atakapa

####;2665;2665 - Ais;Eyeish

####;2669;2669 - Hasinai;Hasinai

### Rio Grande

####;2498;2498 - Jumao;Jumano

####;2499;2499 - Coahuilteco;Coahuilteco

####;2666;2666 - Tuintsunde;Tuintsundé

####;2667;2667 - Cacaxtes;Cacaxtes

####;2668;2668 - Borrado;Borrado

### Northeast Mexico

####;858;858 - Tamaulipas;Tamaulipas

####;861;861 - Coahuila;Coahuila

####;2614;2614 - Cotoname;Cotoname

####;2619;2619 - Laguneros;Laguneros

### Durango

####;860;860 - Tepehuan;Tepehuan

####;863;863 - Suma;Suma

####;864;864 - Concho;Concho

####;2618;2618 - Toboso;Toboso

### Sonora y Sinaloa

####;855;855 - Huichol;Totorames

####;859;859 - Sinaloa;Sinaloa

####;862;862 - Yaqui;Yaqui

####;2616;2616 - Seri;Seri

### Jalisco

####;854;854 - Sayultecas;Sayultecas

####;2617;2617 - Huichol;Huichol

####;2621;2621 - Tizapan;Tizapan

####;2657;2657 - Colima;Colima

### Gran Chichimeca

####;856;856 - Zacatecas;Zacatecas

####;857;857 - Guachichil;Guachichil

####;2615;2615 - Guamares;Guamares

####;2642;2642 - Metztitlan;Metztitlan

# Near East
## Anatolia
### Hüdavendigar

####;316;316 - Kocaeli;Kocaeli

####;317;317 - Hudavendigar;Hüdavendigar

####;322;322 - Kutahya;Kütahya

####;326;326 - Ankara;Ankara

### Aydin

####;318;318 - Sugla;Sugla

####;319;319 - Mentese;Mentese

####;2297;2297 - Saruhan;Saruhan

####;2298;2298 - Tekke;Tekke

### Karaman

####;323;323 - Konya;Konya

####;324;324 - Karaman;Karaman

####;1848;1848 - Hamid;Hamid

### Aleppo

####;321;321 - Cyprus;Cyprus

####;327;327 - Adana;Adana

####;377;377 - Aleppo;Aleppo

####;2302;2302 - Icel;Içel

####;2313;2313 - Antioch;Antioch

### Rum

####;329;329 - Sivas;Sivas

####;1846;1846 - Amasya;Amasya

####;2300;2300 - Bozok;Bozok

####;2304;2304 - Canik;Canik

### Kastamonu

####;325;325 - Kastamonu;Kastamonu

####;328;328 - Sinop;Sinop

####;2299;2299 - Bolu;Bolu

### Erzurum

####;330;330 - Trebizond;Trebizond

####;331;331 - Erzurum;Erzurum

####;2305;2305 - Erzincan;Erzincan

### North Kurdistan

####;418;418 - Diyarbakir;Diyarbakir

####;2306;2306 - Mush;Mush

####;2307;2307 - Van;Van

### Dulkadir

####;332;332 - Marash;Marash

####;2301;2301 - Kayseri;Kayseri

####;2303;2303 - Malatya;Malatya/Urfa

### Eastern Aegean

####;320;320 - Rhodes;Rhodes

####;2296;2296 - Biga;Biga

####;2348;2348 - Chios;Chios

## Mashriq
### Syria

####;378;378 - Tripoli;Tarabulus

####;382;382 - Damascus;Damascus

####;1855;1855 - Sidon;Sidon

### Palestine

####;364;364 - Gaza;Gaza

####;379;379 - Jerusalem;Jerusalem

####;380;380 - Al Karak;Al Karak

####;381;381 - Ajlun;Ajlun

####;1854;1854 - Nablus;Nablus

### Rakka

####;405;405 - Tadmor;Tadmor

####;407;407 - Ar Raqqa;Ar Raqqa

####;1849;1849 - Hama;Hama

####;2314;2314 - Rahba;Rahba

### Al Jazira

####;406;406 - As Sahiliyah;As Sahiliyah

####;2308;2308 - Cizre;Cizre

####;2310;2310 - Tikrit;Tikrit

####;2309;2309 - Sinjar;Sinjar

### Iraq Arabi

####;409;409 - Hillah;Hillah

####;410;410 - Baghdad;Baghdad

####;2209;2209 - Ilam;Ilam

####;2311;2311 - Samawah;Samawah

####;2312;2312 - Wasit;Wasit

### Basra

####;408;408 - Basra;Basra

####;412;412 - Khuzestan;Khuzestan

####;2340;2340 - Grane;Grane

## Caucasia
### Circassia

####;463;463 - Circassia;Circassia

####;2201;2201 - Alania;Alania

####;2195;2195 - Adyghe;Adyghe

####;2197;2197 - Kabardia;Kabardia

### Georgia

####;422;422 - Imereti;Imereti

####;423;423 - Kartli;Kartli

####;462;462 - Mingrelia;Mingrelia

####;1856;1856 - Abkhazia;Abkhazia

####;2196;2196 - Guria;Guria

####;2203;2203 - Kahketi;Kahketi

####;2204;2204 - Samtskhe;Samtskhe

### Shirvan

####;420;420 - Ganja;Ganja

####;421;421 - Shirvan;Shirvan

####;425;425 - Dagestan;Dagestan

### Armenia

####;419;419 - Yerevan;Yerevan

####;2202;2202 - Melikates;Melikates

####;2205;2205 - Nakhchivan;Nakhchivan

### Dagestan

####;2198;2198 - Khundzia;Khundzia

####;2199;2199 - Tarki;Tarki

####;2208;2208 - Terek;Terek

## Arabia
### Hejaz

####;383;383 - Tabuk;Tabuk

####;384;384 - Medina;Medina

####;385;385 - Mecca;Mecca

####;386;386 - Asir;Asir

####;2330;2330 - Ma'din Sulaym;Ma'din Sulaym

####;2331;2331 - Jeddah;Jeddah

####;2332;2332 - Truba;Truba

####;2327;2327 - Maan;Maan

####;2328;2328 - Tayma;Tayma

####;2329;2329 - Yanbu;Yanbu

### Najd

####;392;392 - Al-Arid;Al-Arid

####;393;393 - Jabal Shammar;Jabal Shammar

####;2335;2335 - Tamara;Tamara

####;2336;2336 - Falaj;Falaj

####;2337;2337 - Unaizah;Unaizah

####;2338;2338 - Hafar;Hafar

####;2339;2339 - Yabrin;Yabrin

### Bahrain

####;394;394 - El Catif;Al-Qatif

####;395;395 - Qatar;Qatar

####;396;396 - Bahrain;Bahrain

####;397;397 - Bani Yas;Bani Yas

####;404;404 - Liwa;Liwa

####;2333;2333 - Abd al-Qays;Abd al-Qays

####;2347;2347 - Hofuf;Hofuf

### Oman

####;398;398 - Qawasim;Qawasim

####;399;399 - Suhar;Suhar

####;400;400 - Muscat;Muscat

####;403;403 - Nizwa;Nizwa

####;2341;2341 - Sharqiyah;Sharqiyah

####;2342;2342 - Wusta;Wusta

### Hadramut

####;389;389 - Kinda;Kinda

####;401;401 - Dhofar;Dhofar

####;402;402 - Mahra;Mahra

####;1099;1099 - Socotra;Socotra

####;2343;2343 - Kathiri;Kathiri

### Yemen

####;388;388 - Aden;Aden

####;387;387 - Mokha;Mokha

####;390;390 - Sanaa;Sana'a

####;391;391 - Najran;Najran

####;2344;2344 - Al Jawf;Al Jawf

####;2345;2345 - Ahqaf;Ahqaf

####;2346;2346 - Jazan;Jazan

# Persia
## Khorasan
### Merv

####;444;444 - Charjuy;Charjuy

####;445;445 - Merv;Merv

####;2350;2350 - Konjikala;Konjikala

### Balkh

####;450;450 - Balkh;Balkh

####;2227;2227 - Kunduz;Kunduz

####;2228;2228 - Maymana;Maymana

### Kabulistan

####;448;448 - Gazni;Gazni

####;451;451 - Kabul;Kabul

####;452;452 - Badakhshan;Badakhshan

####;578;578 - Roh;Roh

####;2226;2226 - Jalalabad;Jalalabad

### Ghor

####;447;447 - Kandahar;Kandahar

####;449;449 - Ghor;Ghor

####;2225;2225 - Bamyan;Bamyan

### Sistan

####;435;435 - Sistan;Zaranj

####;2224;2224 - Ferah;Ferah

####;2229;2229 - Bust;Bust

####;2230;2230 - Chagai;Chagai

### Khorasan

####;427;427 - Qumis;Qumis

####;436;436 - Birjand;Birjand

####;446;446 - Herat;Herat

####;2221;2221 - Mashhad;Mashhad

####;2235;2235 - Sabzevar;Sabzevar

####;2236;2236 - Bojnord;Bojnord

### Makran

####;434;434 - Quhistan;Quhistan

####;575;575 - Eastern Makran;Gwadar

####;2231;2231 - Bela;Bela

####;2232;2232 - Kharan;Kharan

####;2233;2233 - Western Makran;Chabahar

### Kalat

####;576;576 - Kalat;Kalat

####;577;577 - Quetta;Quetta

####;2068;2068 - Siwistan;Siwi

## Persia
### South Kurdistan

####;411;411 - Mosul;Mosul

####;415;415 - Shahrizor;Shahrizor

####;2211;2211 - Ardalan;Ardalan

### Luristan

####;413;413 - Lorestan;Khorramabad

####;2210;2210 - Kirmanshah;Kirmanshah

####;2217;2217 - Yasuj;Yasuj

### Farsistan

####;430;430 - Bushehr;Dashtistan

####;2218;2218 - Sarvestan;Shiraz

####;2219;2219 - Bandar Langeh;Bandar Langeh

####;2223;2223 - Larestan;Larestan

### Iraq-e-Ajam

####;414;414 - Hamadan;Hamadan

####;428;428 - Rey;Teheran

####;2213;2213 - Markazi;Markazi

####;2212;2212 - Zanjan;Zanjan

####;2215;2215 - Qazvin;Qazvin

####;2216;2216 - Semnan;Semnan

### Tabarestan

####;417;417 - Gilan;Gilan

####;426;426 - Mazandaran;Mazandaran

####;2214;2214 - Golestan;Golestan

### Azerbaijan

####;416;416 - Azerbaijan;Tabriz

####;424;424 - Ardabil;Ardabil

####;2206;2206 - Urmia;Urmia

####;2207;2207 - Maragheh;Maragheh

### Isfahan

####;429;429 - Isfahan;Isfahan

####;433;433 - Yazd;Yazd

####;2222;2222 - Ardakan;Ardakan

### Kerman

####;431;431 - Mogostan;Mogostan

####;432;432 - Kerman;Kerman

####;2220;2220 - Bam;Bam

####;2234;2234 - Rafsanjan;Rafsanjan

####;2999;2999 - Hormuz;Hormuz

# New World
